Date,Price,,,,,
06-11-2024,"24,637.45",,,,,
05-11-2024,"24,387.90",,,,,
04-11-2024,"24,256.06",,,,,
01-11-2024,"24,255.16",,,,,
31-10-2024,"24,156.87",,,,,
30-10-2024,"24,507.79",,,,,
29-10-2024,"24,562.55",,,,,
28-10-2024,"24,565.66",,,,,
25-10-2024,"24,463.67",,,,,
24-10-2024,"24,551.55",,,,,
23-10-2024,"24,573.62",,,,,
22-10-2024,"24,716.70",,,,,
21-10-2024,"24,723.33",,,,,
18-10-2024,"24,822.54",,,,,
17-10-2024,"24,690.48",,,,,
16-10-2024,"24,561.20",,,,,
15-10-2024,"24,439.08",,,,,
11-10-2024,"24,471.17",,,,,
10-10-2024,"24,302.26",,,,,
09-10-2024,"24,224.90",,,,,
08-10-2024,"24,072.51",,,,,
07-10-2024,"24,102.71",,,,,
04-10-2024,"24,162.83",,,,,
03-10-2024,"23,968.50",,,,,
02-10-2024,"24,001.55",,,,,
01-10-2024,"24,033.99",,,,,
30-09-2024,"24,000.37",,,,,
27-09-2024,"23,956.82",,,,,
26-09-2024,"24,033.83",,,,,
25-09-2024,"23,905.88",,,,,
24-09-2024,"23,952.22",,,,,
23-09-2024,"23,894.71",,,,,
20-09-2024,"23,867.37",,,,,
19-09-2024,"23,866.27",,,,,
18-09-2024,"23,592.60",,,,,
17-09-2024,"23,677.70",,,,,
16-09-2024,"23,702.07",,,,,
13-09-2024,"23,568.65",,,,,
12-09-2024,"23,475.14",,,,,
11-09-2024,"23,211.17",,,,,
10-09-2024,"23,003.09",,,,,
09-09-2024,"23,027.15",,,,,
06-09-2024,"22,781.43",,,,,
05-09-2024,"22,988.28",,,,,
04-09-2024,"23,040.76",,,,,
03-09-2024,"23,042.45",,,,,
30-08-2024,"23,346.18",,,,,
29-08-2024,"23,227.49",,,,,
28-08-2024,"23,126.98",,,,,
27-08-2024,"23,259.96",,,,,
26-08-2024,"23,348.97",,,,,
23-08-2024,"23,286.08",,,,,
22-08-2024,"23,037.47",,,,,
21-08-2024,"23,121.73",,,,,
20-08-2024,"23,037.44",,,,,
19-08-2024,"23,116.39",,,,,
16-08-2024,"23,054.61",,,,,
15-08-2024,"23,032.72",,,,,
14-08-2024,"22,760.01",,,,,
13-08-2024,"22,618.18",,,,,
12-08-2024,"22,398.93",,,,,
09-08-2024,"22,311.30",,,,,
08-08-2024,"22,225.61",,,,,
07-08-2024,"21,880.95",,,,,
06-08-2024,"21,979.36",,,,,
02-08-2024,"22,227.63",,,,,
01-08-2024,"22,723.21",,,,,
31-07-2024,"23,110.81",,,,,
30-07-2024,"22,824.67",,,,,
29-07-2024,"22,779.57",,,,,
26-07-2024,"22,814.81",,,,,
25-07-2024,"22,608.03",,,,,
24-07-2024,"22,639.57",,,,,
23-07-2024,"22,813.75",,,,,
22-07-2024,"22,872.65",,,,,
19-07-2024,"22,690.39",,,,,
18-07-2024,"22,726.76",,,,,
17-07-2024,"22,851.17",,,,,
16-07-2024,"22,995.39",,,,,
15-07-2024,"22,751.68",,,,,
12-07-2024,"22,673.52",,,,,
11-07-2024,"22,544.13",,,,,
10-07-2024,"22,350.23",,,,,
09-07-2024,"22,042.50",,,,,
08-07-2024,"22,126.13",,,,,
05-07-2024,"22,059.03",,,,,
04-07-2024,"22,244.02",,,,,
03-07-2024,"22,223.67",,,,,
02-07-2024,"21,953.80",,,,,
28-06-2024,"21,875.79",,,,,
27-06-2024,"21,942.16",,,,,
26-06-2024,"21,793.90",,,,,
25-06-2024,"21,788.48",,,,,
24-06-2024,"21,848.59",,,,,
21-06-2024,"21,554.86",,,,,
20-06-2024,"21,581.35",,,,,
19-06-2024,"21,516.90",,,,,
18-06-2024,"21,611.30",,,,,
17-06-2024,"21,587.88",,,,,
14-06-2024,"21,639.10",,,,,
13-06-2024,"21,698.11",,,,,
12-06-2024,"21,961.55",,,,,
11-06-2024,"21,887.34",,,,,
10-06-2024,"22,069.76",,,,,
07-06-2024,"22,007.00",,,,,
06-06-2024,"22,229.10",,,,,
05-06-2024,"22,145.02",,,,,
04-06-2024,"21,978.18",,,,,
03-06-2024,"22,116.69",,,,,
31-05-2024,"22,269.12",,,,,
30-05-2024,"22,071.71",,,,,
29-05-2024,"21,897.98",,,,,
28-05-2024,"22,265.05",,,,,
27-05-2024,"22,373.38",,,,,
24-05-2024,"22,320.87",,,,,
23-05-2024,"22,200.79",,,,,
22-05-2024,"22,346.76",,,,,
21-05-2024,"22,468.16",,,,,
17-05-2024,"22,465.37",,,,,
16-05-2024,"22,299.83",,,,,
15-05-2024,"22,284.76",,,,,
14-05-2024,"22,243.34",,,,,
13-05-2024,"22,259.17",,,,,
10-05-2024,"22,308.93",,,,,
09-05-2024,"22,375.83",,,,,
08-05-2024,"22,259.16",,,,,
07-05-2024,"22,290.62",,,,,
06-05-2024,"22,259.47",,,,,
03-05-2024,"21,947.41",,,,,
02-05-2024,"21,823.22",,,,,
01-05-2024,"21,728.55",,,,,
30-04-2024,"21,714.54",,,,,
29-04-2024,"22,011.62",,,,,
26-04-2024,"21,969.24",,,,,
25-04-2024,"21,885.38",,,,,
24-04-2024,"21,873.72",,,,,
23-04-2024,"22,011.72",,,,,
22-04-2024,"21,871.96",,,,,
19-04-2024,"21,807.37",,,,,
18-04-2024,"21,708.44",,,,,
17-04-2024,"21,656.05",,,,,
16-04-2024,"21,642.87",,,,,
15-04-2024,"21,740.20",,,,,
12-04-2024,"21,899.99",,,,,
11-04-2024,"22,110.11",,,,,
10-04-2024,"22,199.13",,,,,
09-04-2024,"22,361.78",,,,,
08-04-2024,"22,260.30",,,,,
05-04-2024,"22,264.38",,,,,
04-04-2024,"22,051.79",,,,,
03-04-2024,"22,112.46",,,,,
02-04-2024,"22,075.10",,,,,
01-04-2024,"22,185.25",,,,,
28-03-2024,"22,167.03",,,,,
27-03-2024,"22,107.08",,,,,
26-03-2024,"21,912.52",,,,,
25-03-2024,"21,942.28",,,,,
22-03-2024,"21,984.08",,,,,
21-03-2024,"22,087.26",,,,,
20-03-2024,"22,045.71",,,,,
19-03-2024,"21,860.58",,,,,
18-03-2024,"21,837.18",,,,,
15-03-2024,"21,849.15",,,,,
14-03-2024,"21,829.85",,,,,
13-03-2024,"21,970.11",,,,,
12-03-2024,"21,831.02",,,,,
11-03-2024,"21,769.22",,,,,
08-03-2024,"21,737.53",,,,,
07-03-2024,"21,794.56",,,,,
06-03-2024,"21,593.96",,,,,
05-03-2024,"21,525.93",,,,,
04-03-2024,"21,531.07",,,,,
01-03-2024,"21,552.35",,,,,
29-02-2024,"21,363.61",,,,,
28-02-2024,"21,243.77",,,,,
27-02-2024,"21,318.90",,,,,
26-02-2024,"21,324.31",,,,,
23-02-2024,"21,413.15",,,,,
22-02-2024,"21,318.08",,,,,
21-02-2024,"21,172.38",,,,,
20-02-2024,"21,217.53",,,,,
16-02-2024,"21,255.61",,,,,
15-02-2024,"21,222.69",,,,,
14-02-2024,"20,889.40",,,,,
13-02-2024,"20,584.97",,,,,
12-02-2024,"21,067.30",,,,,
09-02-2024,"21,009.60",,,,,
08-02-2024,"20,919.64",,,,,
07-02-2024,"20,969.18",,,,,
06-02-2024,"20,957.74",,,,,
05-02-2024,"20,871.89",,,,,
02-02-2024,"21,085.09",,,,,
01-02-2024,"21,119.21",,,,,
31-01-2024,"21,021.88",,,,,
30-01-2024,"21,227.87",,,,,
29-01-2024,"21,200.06",,,,,
26-01-2024,"21,125.28",,,,,
25-01-2024,"21,101.54",,,,,
24-01-2024,"21,025.78",,,,,
23-01-2024,"21,034.59",,,,,
22-01-2024,"20,924.30",,,,,
19-01-2024,"20,906.52",,,,,
18-01-2024,"20,756.73",,,,,
17-01-2024,"20,695.02",,,,,
16-01-2024,"20,948.09",,,,,
15-01-2024,"21,061.88",,,,,
12-01-2024,"20,990.22",,,,,
11-01-2024,"20,918.40",,,,,
10-01-2024,"20,989.42",,,,,
09-01-2024,"20,970.98",,,,,
08-01-2024,"21,074.91",,,,,
05-01-2024,"20,937.55",,,,,
04-01-2024,"20,871.35",,,,,
03-01-2024,"20,818.58",,,,,
02-01-2024,"20,872.14",,,,,
29-12-2023,"20,958.44",,,,,
28-12-2023,"20,929.38",,,,,
27-12-2023,"21,015.91",,,,,
22-12-2023,"20,881.19",,,,,
21-12-2023,"20,765.73",,,,,
20-12-2023,"20,600.81",,,,,
19-12-2023,"20,839.63",,,,,
18-12-2023,"20,622.71",,,,,
15-12-2023,"20,529.15",,,,,
14-12-2023,"20,778.80",,,,,
13-12-2023,"20,629.45",,,,,
12-12-2023,"20,233.84",,,,,
11-12-2023,"20,318.36",,,,,
08-12-2023,"20,331.54",,,,,
07-12-2023,"20,278.51",,,,,
06-12-2023,"20,274.21",,,,,
05-12-2023,"20,375.93",,,,,
04-12-2023,"20,410.21",,,,,
01-12-2023,"20,452.87",,,,,
30-11-2023,"20,236.29",,,,,
29-11-2023,"20,116.20",,,,,
28-11-2023,"20,036.77",,,,,
27-11-2023,"20,032.66",,,,,
24-11-2023,"20,103.11",,,,,
23-11-2023,"20,116.66",,,,,
22-11-2023,"20,113.96",,,,,
21-11-2023,"20,109.97",,,,,
20-11-2023,"20,246.47",,,,,
17-11-2023,"20,175.77",,,,,
16-11-2023,"20,053.07",,,,,
15-11-2023,"20,057.89",,,,,
14-11-2023,"20,023.73",,,,,
13-11-2023,"19,709.15",,,,,
10-11-2023,"19,654.47",,,,,
09-11-2023,"19,587.41",,,,,
08-11-2023,"19,530.21",,,,,
07-11-2023,"19,575.59",,,,,
06-11-2023,"19,743.94",,,,,
03-11-2023,"19,824.85",,,,,
02-11-2023,"19,626.34",,,,,
01-11-2023,"19,079.00",,,,,
31-10-2023,"18,873.47",,,,,
30-10-2023,"18,856.76",,,,,
27-10-2023,"18,737.39",,,,,
26-10-2023,"18,875.31",,,,,
25-10-2023,"18,947.85",,,,,
24-10-2023,"18,986.49",,,,,
23-10-2023,"19,046.74",,,,,
20-10-2023,"19,115.64",,,,,
19-10-2023,"19,348.81",,,,,
18-10-2023,"19,450.70",,,,,
17-10-2023,"19,692.80",,,,,
16-10-2023,"19,620.80",,,,,
13-10-2023,"19,462.86",,,,,
12-10-2023,"19,500.24",,,,,
11-10-2023,"19,663.84",,,,,
10-10-2023,"19,501.20",,,,,
06-10-2023,"19,246.07",,,,,
05-10-2023,"19,137.81",,,,,
04-10-2023,"19,034.81",,,,,
03-10-2023,"19,020.92",,,,,
02-10-2023,"19,177.18",,,,,
29-09-2023,"19,541.27",,,,,
28-09-2023,"19,590.74",,,,,
27-09-2023,"19,435.98",,,,,
26-09-2023,"19,556.15",,,,,
25-09-2023,"19,800.61",,,,,
22-09-2023,"19,779.97",,,,,
21-09-2023,"19,791.62",,,,,
20-09-2023,"20,214.69",,,,,
19-09-2023,"20,218.89",,,,,
18-09-2023,"20,492.83",,,,,
15-09-2023,"20,622.34",,,,,
14-09-2023,"20,567.84",,,,,
13-09-2023,"20,278.94",,,,,
12-09-2023,"20,223.08",,,,,
11-09-2023,"20,182.76",,,,,
08-09-2023,"20,074.65",,,,,
07-09-2023,"20,132.08",,,,,
06-09-2023,"20,226.96",,,,,
05-09-2023,"20,413.76",,,,,
01-09-2023,"20,545.36",,,,,
31-08-2023,"20,292.62",,,,,
30-08-2023,"20,330.32",,,,,
29-08-2023,"20,290.41",,,,,
28-08-2023,"20,025.14",,,,,
25-08-2023,"19,835.75",,,,,
24-08-2023,"19,775.83",,,,,
23-08-2023,"19,879.79",,,,,
22-08-2023,"19,691.21",,,,,
21-08-2023,"19,784.87",,,,,
18-08-2023,"19,818.39",,,,,
17-08-2023,"19,812.23",,,,,
16-08-2023,"19,899.07",,,,,
15-08-2023,"19,899.79",,,,,
14-08-2023,"20,290.54",,,,,
11-08-2023,"20,407.57",,,,,
10-08-2023,"20,342.88",,,,,
09-08-2023,"20,275.27",,,,,
08-08-2023,"20,205.98",,,,,
04-08-2023,"20,236.04",,,,,
03-08-2023,"20,120.74",,,,,
02-08-2023,"20,218.21",,,,,
01-08-2023,"20,532.93",,,,,
31-07-2023,"20,626.64",,,,,
28-07-2023,"20,519.37",,,,,
27-07-2023,"20,385.47",,,,,
26-07-2023,"20,561.64",,,,,
25-07-2023,"20,551.53",,,,,
24-07-2023,"20,582.12",,,,,
21-07-2023,"20,547.51",,,,,
20-07-2023,"20,436.87",,,,,
19-07-2023,"20,491.17",,,,,
18-07-2023,"20,376.57",,,,,
17-07-2023,"20,226.79",,,,,
14-07-2023,"20,262.07",,,,,
13-07-2023,"20,277.64",,,,,
12-07-2023,"20,070.77",,,,,
11-07-2023,"19,878.56",,,,,
10-07-2023,"19,822.45",,,,,
07-07-2023,"19,831.04",,,,,
06-07-2023,"19,810.69",,,,,
05-07-2023,"20,103.89",,,,,
04-07-2023,"20,204.87",,,,,
30-06-2023,"20,155.29",,,,,
29-06-2023,"19,913.17",,,,,
28-06-2023,"19,818.85",,,,,
27-06-2023,"19,733.09",,,,,
26-06-2023,"19,587.32",,,,,
23-06-2023,"19,418.23",,,,,
22-06-2023,"19,580.90",,,,,
21-06-2023,"19,705.95",,,,,
20-06-2023,"19,754.14",,,,,
19-06-2023,"19,934.21",,,,,
16-06-2023,"19,975.37",,,,,
15-06-2023,"20,027.35",,,,,
14-06-2023,"20,015.09",,,,,
13-06-2023,"19,990.40",,,,,
12-06-2023,"19,921.31",,,,,
09-06-2023,"19,892.06",,,,,
08-06-2023,"19,942.70",,,,,
07-06-2023,"19,983.69",,,,,
06-06-2023,"20,055.60",,,,,
05-06-2023,"19,931.62",,,,,
02-06-2023,"20,024.63",,,,,
01-06-2023,"19,672.25",,,,,
31-05-2023,"19,572.24",,,,,
30-05-2023,"19,739.70",,,,,
29-05-2023,"19,967.95",,,,,
26-05-2023,"19,920.31",,,,,
25-05-2023,"19,774.08",,,,,
24-05-2023,"19,927.69",,,,,
23-05-2023,"20,146.01",,,,,
19-05-2023,"20,351.06",,,,,
18-05-2023,"20,297.09",,,,,
17-05-2023,"20,296.43",,,,,
16-05-2023,"20,242.07",,,,,
15-05-2023,"20,539.97",,,,,
12-05-2023,"20,419.62",,,,,
11-05-2023,"20,417.61",,,,,
10-05-2023,"20,499.31",,,,,
09-05-2023,"20,585.73",,,,,
08-05-2023,"20,585.15",,,,,
05-05-2023,"20,542.03",,,,,
04-05-2023,"20,238.19",,,,,
03-05-2023,"20,354.68",,,,,
02-05-2023,"20,407.56",,,,,
01-05-2023,"20,615.10",,,,,
28-04-2023,"20,636.54",,,,,
27-04-2023,"20,522.64",,,,,
26-04-2023,"20,366.72",,,,,
25-04-2023,"20,439.87",,,,,
24-04-2023,"20,676.74",,,,,
21-04-2023,"20,693.15",,,,,
20-04-2023,"20,630.69",,,,,
19-04-2023,"20,680.83",,,,,
18-04-2023,"20,684.68",,,,,
17-04-2023,"20,641.97",,,,,
14-04-2023,"20,579.91",,,,,
13-04-2023,"20,564.49",,,,,
12-04-2023,"20,454.32",,,,,
11-04-2023,"20,421.85",,,,,
10-04-2023,"20,275.82",,,,,
06-04-2023,"20,196.69",,,,,
05-04-2023,"20,159.55",,,,,
04-04-2023,"20,275.76",,,,,
03-04-2023,"20,278.28",,,,,
31-03-2023,"20,099.89",,,,,
30-03-2023,"19,940.99",,,,,
29-03-2023,"19,837.65",,,,,
28-03-2023,"19,657.53",,,,,
27-03-2023,"19,624.74",,,,,
24-03-2023,"19,501.49",,,,,
23-03-2023,"19,459.92",,,,,
22-03-2023,"19,532.78",,,,,
21-03-2023,"19,654.92",,,,,
20-03-2023,"19,519.43",,,,,
17-03-2023,"19,387.72",,,,,
16-03-2023,"19,539.01",,,,,
15-03-2023,"19,378.84",,,,,
14-03-2023,"19,694.16",,,,,
13-03-2023,"19,588.90",,,,,
10-03-2023,"19,774.92",,,,,
09-03-2023,"20,086.72",,,,,
08-03-2023,"20,346.53",,,,,
07-03-2023,"20,275.54",,,,,
06-03-2023,"20,514.80",,,,,
03-03-2023,"20,581.58",,,,,
02-03-2023,"20,337.21",,,,,
01-03-2023,"20,259.78",,,,,
28-02-2023,"20,221.19",,,,,
27-02-2023,"20,260.13",,,,,
24-02-2023,"20,219.19",,,,,
23-02-2023,"20,188.19",,,,,
22-02-2023,"20,193.33",,,,,
21-02-2023,"20,252.64",,,,,
17-02-2023,"20,515.24",,,,,
16-02-2023,"20,606.42",,,,,
15-02-2023,"20,720.39",,,,,
14-02-2023,"20,704.79",,,,,
13-02-2023,"20,702.23",,,,,
10-02-2023,"20,612.12",,,,,
09-02-2023,"20,597.75",,,,,
08-02-2023,"20,679.54",,,,,
07-02-2023,"20,725.00",,,,,
06-02-2023,"20,628.92",,,,,
03-02-2023,"20,758.34",,,,,
02-02-2023,"20,740.44",,,,,
01-02-2023,"20,751.05",,,,,
31-01-2023,"20,767.38",,,,,
30-01-2023,"20,572.11",,,,,
27-01-2023,"20,714.48",,,,,
26-01-2023,"20,700.50",,,,,
25-01-2023,"20,599.60",,,,,
24-01-2023,"20,629.55",,,,,
23-01-2023,"20,631.58",,,,,
20-01-2023,"20,503.21",,,,,
19-01-2023,"20,341.44",,,,,
18-01-2023,"20,376.23",,,,,
17-01-2023,"20,457.46",,,,,
16-01-2023,"20,390.33",,,,,
13-01-2023,"20,360.10",,,,,
12-01-2023,"20,211.20",,,,,
11-01-2023,"20,025.05",,,,,
10-01-2023,"19,898.86",,,,,
09-01-2023,"19,857.07",,,,,
06-01-2023,"19,814.51",,,,,
05-01-2023,"19,506.84",,,,,
04-01-2023,"19,588.83",,,,,
03-01-2023,"19,443.77",,,,,
30-12-2022,"19,384.92",,,,,
29-12-2022,"19,485.89",,,,,
28-12-2022,"19,284.10",,,,,
23-12-2022,"19,506.65",,,,,
22-12-2022,"19,349.66",,,,,
21-12-2022,"19,571.10",,,,,
20-12-2022,"19,306.89",,,,,
19-12-2022,"19,200.76",,,,,
16-12-2022,"19,443.28",,,,,
15-12-2022,"19,600.63",,,,,
14-12-2022,"19,891.65",,,,,
13-12-2022,"20,023.46",,,,,
12-12-2022,"20,019.70",,,,,
09-12-2022,"19,947.07",,,,,
08-12-2022,"19,969.19",,,,,
07-12-2022,"19,973.22",,,,,
06-12-2022,"19,990.17",,,,,
05-12-2022,"20,242.26",,,,,
02-12-2022,"20,485.66",,,,,
01-12-2022,"20,525.45",,,,,
30-11-2022,"20,453.26",,,,,
29-11-2022,"20,277.41",,,,,
28-11-2022,"20,220.49",,,,,
25-11-2022,"20,383.77",,,,,
24-11-2022,"20,344.07",,,,,
23-11-2022,"20,282.26",,,,,
22-11-2022,"20,220.01",,,,,
21-11-2022,"19,977.13",,,,,
18-11-2022,"19,980.91",,,,,
17-11-2022,"19,884.58",,,,,
16-11-2022,"19,957.96",,,,,
15-11-2022,"19,994.78",,,,,
14-11-2022,"19,921.81",,,,,
11-11-2022,"20,111.51",,,,,
10-11-2022,"19,990.36",,,,,
09-11-2022,"19,344.25",,,,,
08-11-2022,"19,660.31",,,,,
07-11-2022,"19,545.91",,,,,
04-11-2022,"19,449.81",,,,,
03-11-2022,"19,241.22",,,,,
02-11-2022,"19,277.01",,,,,
01-11-2022,"19,517.71",,,,,
31-10-2022,"19,426.14",,,,,
28-10-2022,"19,471.19",,,,,
27-10-2022,"19,352.11",,,,,
26-10-2022,"19,279.76",,,,,
25-10-2022,"19,097.01",,,,,
24-10-2022,"18,918.40",,,,,
21-10-2022,"18,860.95",,,,,
20-10-2022,"18,579.29",,,,,
19-10-2022,"18,674.40",,,,,
18-10-2022,"18,798.18",,,,,
17-10-2022,"18,621.02",,,,,
14-10-2022,"18,326.35",,,,,
13-10-2022,"18,613.63",,,,,
12-10-2022,"18,206.28",,,,,
11-10-2022,"18,216.68",,,,,
07-10-2022,"18,583.13",,,,,
06-10-2022,"18,979.01",,,,,
05-10-2022,"19,235.09",,,,,
04-10-2022,"19,370.99",,,,,
03-10-2022,"18,881.19",,,,,
30-09-2022,"18,444.22",,,,,
29-09-2022,"18,441.84",,,,,
28-09-2022,"18,648.92",,,,,
27-09-2022,"18,307.91",,,,,
26-09-2022,"18,327.04",,,,,
23-09-2022,"18,480.98",,,,,
22-09-2022,"19,002.68",,,,,
21-09-2022,"19,184.54",,,,,
20-09-2022,"19,368.69",,,,,
19-09-2022,"19,562.38",,,,,
16-09-2022,"19,385.88",,,,,
15-09-2022,"19,560.16",,,,,
14-09-2022,"19,726.14",,,,,
13-09-2022,"19,645.40",,,,,
12-09-2022,"19,987.23",,,,,
09-09-2022,"19,773.34",,,,,
08-09-2022,"19,413.00",,,,,
07-09-2022,"19,241.44",,,,,
06-09-2022,"19,088.15",,,,,
02-09-2022,"19,270.85",,,,,
01-09-2022,"19,142.72",,,,,
31-08-2022,"19,330.81",,,,,
30-08-2022,"19,512.90",,,,,
29-08-2022,"19,836.12",,,,,
26-08-2022,"19,873.29",,,,,
25-08-2022,"20,172.34",,,,,
24-08-2022,"20,021.38",,,,,
23-08-2022,"19,985.35",,,,,
22-08-2022,"19,974.92",,,,,
19-08-2022,"20,111.38",,,,,
18-08-2022,"20,265.37",,,,,
17-08-2022,"20,181.44",,,,,
16-08-2022,"20,269.97",,,,,
15-08-2022,"20,180.60",,,,,
12-08-2022,"20,179.81",,,,,
11-08-2022,"19,991.88",,,,,
10-08-2022,"19,885.94",,,,,
09-08-2022,"19,578.30",,,,,
08-08-2022,"19,669.17",,,,,
05-08-2022,"19,620.13",,,,,
04-08-2022,"19,577.04",,,,,
03-08-2022,"19,545.94",,,,,
02-08-2022,"19,505.33",,,,,
29-07-2022,"19,692.92",,,,,
28-07-2022,"19,456.71",,,,,
27-07-2022,"19,254.56",,,,,
26-07-2022,"18,972.68",,,,,
25-07-2022,"19,104.48",,,,,
22-07-2022,"18,982.92",,,,,
21-07-2022,"19,062.85",,,,,
20-07-2022,"19,020.67",,,,,
19-07-2022,"18,937.71",,,,,
18-07-2022,"18,595.62",,,,,
15-07-2022,"18,394.45",,,,,
14-07-2022,"18,329.06",,,,,
13-07-2022,"18,615.19",,,,,
12-07-2022,"18,678.64",,,,,
11-07-2022,"18,816.80",,,,,
08-07-2022,"19,022.86",,,,,
07-07-2022,"19,063.17",,,,,
06-07-2022,"18,729.66",,,,,
05-07-2022,"18,834.16",,,,,
04-07-2022,"19,028.86",,,,,
30-06-2022,"18,861.36",,,,,
29-06-2022,"19,078.64",,,,,
28-06-2022,"19,222.74",,,,,
27-06-2022,"19,258.32",,,,,
24-06-2022,"19,062.91",,,,,
23-06-2022,"18,717.12",,,,,
22-06-2022,"19,004.04",,,,,
21-06-2022,"19,257.29",,,,,
20-06-2022,"19,183.63",,,,,
17-06-2022,"18,930.48",,,,,
16-06-2022,"19,004.06",,,,,
15-06-2022,"19,611.56",,,,,
14-06-2022,"19,548.51",,,,,
13-06-2022,"19,742.56",,,,,
10-06-2022,"20,274.82",,,,,
09-06-2022,"20,563.89",,,,,
08-06-2022,"20,792.43",,,,,
07-06-2022,"20,928.21",,,,,
06-06-2022,"20,819.09",,,,,
03-06-2022,"20,790.73",,,,,
02-06-2022,"21,031.81",,,,,
01-06-2022,"20,713.72",,,,,
31-05-2022,"20,729.34",,,,,
30-05-2022,"20,919.40",,,,,
27-05-2022,"20,748.58",,,,,
26-05-2022,"20,532.18",,,,,
25-05-2022,"20,383.75",,,,,
24-05-2022,"20,286.20",,,,,
20-05-2022,"20,197.61",,,,,
19-05-2022,"20,181.92",,,,,
18-05-2022,"20,101.38",,,,,
17-05-2022,"20,491.01",,,,,
16-05-2022,"20,206.41",,,,,
13-05-2022,"20,099.81",,,,,
12-05-2022,"19,699.05",,,,,
11-05-2022,"19,837.25",,,,,
10-05-2022,"19,890.06",,,,,
09-05-2022,"19,999.69",,,,,
06-05-2022,"20,633.28",,,,,
05-05-2022,"20,696.17",,,,,
04-05-2022,"21,184.95",,,,,
03-05-2022,"20,905.28",,,,,
02-05-2022,"20,692.22",,,,,
29-04-2022,"20,762.00",,,,,
28-04-2022,"21,121.06",,,,,
27-04-2022,"20,744.23",,,,,
26-04-2022,"20,690.81",,,,,
25-04-2022,"21,011.89",,,,,
22-04-2022,"21,186.38",,,,,
21-04-2022,"21,650.41",,,,,
20-04-2022,"21,998.38",,,,,
19-04-2022,"22,018.82",,,,,
18-04-2022,"21,878.41",,,,,
14-04-2022,"21,855.70",,,,,
13-04-2022,"21,838.02",,,,,
12-04-2022,"21,715.41",,,,,
11-04-2022,"21,790.49",,,,,
08-04-2022,"21,874.35",,,,,
07-04-2022,"21,834.89",,,,,
06-04-2022,"21,788.60",,,,,
05-04-2022,"21,930.83",,,,,
04-04-2022,"22,085.60",,,,,
01-04-2022,"21,952.95",,,,,
31-03-2022,"21,890.16",,,,,
30-03-2022,"22,075.96",,,,,
29-03-2022,"22,087.22",,,,,
28-03-2022,"21,977.83",,,,,
25-03-2022,"22,005.94",,,,,
24-03-2022,"21,937.89",,,,,
23-03-2022,"21,932.18",,,,,
22-03-2022,"22,074.35",,,,,
21-03-2022,"22,009.13",,,,,
18-03-2022,"21,818.47",,,,,
17-03-2022,"21,771.22",,,,,
16-03-2022,"21,468.83",,,,,
15-03-2022,"21,187.84",,,,,
14-03-2022,"21,180.78",,,,,
11-03-2022,"21,461.83",,,,,
10-03-2022,"21,581.70",,,,,
09-03-2022,"21,493.23",,,,,
08-03-2022,"21,232.03",,,,,
07-03-2022,"21,304.40",,,,,
04-03-2022,"21,402.43",,,,,
03-03-2022,"21,250.41",,,,,
02-03-2022,"21,255.64",,,,,
01-03-2022,"21,004.51",,,,,
28-02-2022,"21,126.36",,,,,
25-02-2022,"21,106.00",,,,,
24-02-2022,"20,761.93",,,,,
23-02-2022,"20,744.17",,,,,
22-02-2022,"20,907.82",,,,,
18-02-2022,"21,008.20",,,,,
17-02-2022,"21,176.33",,,,,
16-02-2022,"21,383.64",,,,,
15-02-2022,"21,502.55",,,,,
14-02-2022,"21,352.51",,,,,
11-02-2022,"21,548.84",,,,,
10-02-2022,"21,531.72",,,,,
09-02-2022,"21,604.19",,,,,
08-02-2022,"21,377.18",,,,,
07-02-2022,"21,235.50",,,,,
04-02-2022,"21,271.85",,,,,
03-02-2022,"21,094.01",,,,,
02-02-2022,"21,362.36",,,,,
01-02-2022,"21,319.92",,,,,
31-01-2022,"21,098.29",,,,,
28-01-2022,"20,741.75",,,,,
27-01-2022,"20,544.11",,,,,
26-01-2022,"20,595.89",,,,,
25-01-2022,"20,590.98",,,,,
24-01-2022,"20,571.30",,,,,
21-01-2022,"20,621.39",,,,,
20-01-2022,"21,058.18",,,,,
19-01-2022,"21,205.16",,,,,
18-01-2022,"21,274.57",,,,,
17-01-2022,"21,537.45",,,,,
14-01-2022,"21,357.56",,,,,
13-01-2022,"21,292.96",,,,,
12-01-2022,"21,395.00",,,,,
11-01-2022,"21,274.81",,,,,
10-01-2022,"21,072.32",,,,,
07-01-2022,"21,084.45",,,,,
06-01-2022,"21,072.20",,,,,
05-01-2022,"21,039.66",,,,,
04-01-2022,"21,236.52",,,,,
31-12-2021,"21,222.84",,,,,
30-12-2021,"21,294.64",,,,,
29-12-2021,"21,344.65",,,,,
24-12-2021,"21,229.68",,,,,
23-12-2021,"21,218.93",,,,,
22-12-2021,"21,070.05",,,,,
21-12-2021,"20,924.87",,,,,
20-12-2021,"20,538.22",,,,,
17-12-2021,"20,739.19",,,,,
16-12-2021,"20,739.78",,,,,
15-12-2021,"20,769.16",,,,,
14-12-2021,"20,648.57",,,,,
13-12-2021,"20,748.45",,,,,
10-12-2021,"20,890.62",,,,,
09-12-2021,"20,925.49",,,,,
08-12-2021,"21,077.35",,,,,
07-12-2021,"21,162.65",,,,,
06-12-2021,"20,861.10",,,,,
03-12-2021,"20,633.27",,,,,
02-12-2021,"20,762.03",,,,,
01-12-2021,"20,464.60",,,,,
30-11-2021,"20,659.99",,,,,
29-11-2021,"21,149.00",,,,,
26-11-2021,"21,125.90",,,,,
25-11-2021,"21,613.18",,,,,
24-11-2021,"21,548.43",,,,,
23-11-2021,"21,453.77",,,,,
22-11-2021,"21,420.77",,,,,
19-11-2021,"21,555.03",,,,,
18-11-2021,"21,637.54",,,,,
17-11-2021,"21,653.02",,,,,
16-11-2021,"21,717.16",,,,,
15-11-2021,"21,683.08",,,,,
12-11-2021,"21,768.53",,,,,
11-11-2021,"21,581.98",,,,,
10-11-2021,"21,461.93",,,,,
09-11-2021,"21,594.52",,,,,
08-11-2021,"21,556.54",,,,,
05-11-2021,"21,455.82",,,,,
04-11-2021,"21,342.13",,,,,
03-11-2021,"21,265.10",,,,,
02-11-2021,"21,170.01",,,,,
01-11-2021,"21,247.01",,,,,
29-10-2021,"21,037.07",,,,,
28-10-2021,"21,197.53",,,,,
27-10-2021,"20,954.99",,,,,
26-10-2021,"21,173.45",,,,,
25-10-2021,"21,284.84",,,,,
22-10-2021,"21,216.15",,,,,
21-10-2021,"21,212.39",,,,,
20-10-2021,"21,188.19",,,,,
19-10-2021,"21,086.99",,,,,
18-10-2021,"20,985.37",,,,,
15-10-2021,"20,928.10",,,,,
14-10-2021,"20,819.94",,,,,
13-10-2021,"20,618.47",,,,,
12-10-2021,"20,437.12",,,,,
08-10-2021,"20,416.31",,,,,
07-10-2021,"20,416.21",,,,,
06-10-2021,"20,191.66",,,,,
05-10-2021,"20,183.43",,,,,
04-10-2021,"20,052.25",,,,,
01-10-2021,"20,150.87",,,,,
30-09-2021,"20,070.25",,,,,
29-09-2021,"20,158.14",,,,,
28-09-2021,"20,174.14",,,,,
27-09-2021,"20,463.42",,,,,
24-09-2021,"20,402.66",,,,,
23-09-2021,"20,461.93",,,,,
22-09-2021,"20,401.49",,,,,
21-09-2021,"20,244.29",,,,,
20-09-2021,"20,154.54",,,,,
17-09-2021,"20,490.36",,,,,
16-09-2021,"20,602.10",,,,,
15-09-2021,"20,693.79",,,,,
14-09-2021,"20,553.25",,,,,
13-09-2021,"20,666.41",,,,,
10-09-2021,"20,633.06",,,,,
09-09-2021,"20,705.27",,,,,
08-09-2021,"20,741.79",,,,,
07-09-2021,"20,806.63",,,,,
03-09-2021,"20,821.43",,,,,
02-09-2021,"20,795.12",,,,,
01-09-2021,"20,689.58",,,,,
31-08-2021,"20,582.94",,,,,
30-08-2021,"20,594.97",,,,,
27-08-2021,"20,644.64",,,,,
26-08-2021,"20,504.15",,,,,
25-08-2021,"20,587.32",,,,,
24-08-2021,"20,547.76",,,,,
23-08-2021,"20,477.26",,,,,
20-08-2021,"20,339.02",,,,,
19-08-2021,"20,215.36",,,,,
18-08-2021,"20,302.11",,,,,
17-08-2021,"20,363.59",,,,,
16-08-2021,"20,483.42",,,,,
13-08-2021,"20,518.07",,,,,
12-08-2021,"20,520.60",,,,,
11-08-2021,"20,554.01",,,,,
10-08-2021,"20,495.74",,,,,
09-08-2021,"20,437.42",,,,,
06-08-2021,"20,475.42",,,,,
05-08-2021,"20,375.48",,,,,
04-08-2021,"20,329.73",,,,,
03-08-2021,"20,365.85",,,,,
30-07-2021,"20,287.80",,,,,
29-07-2021,"20,311.78",,,,,
28-07-2021,"20,230.40",,,,,
27-07-2021,"20,173.35",,,,,
26-07-2021,"20,164.96",,,,,
23-07-2021,"20,188.43",,,,,
22-07-2021,"20,097.52",,,,,
21-07-2021,"20,110.05",,,,,
20-07-2021,"19,942.71",,,,,
19-07-2021,"19,726.45",,,,,
16-07-2021,"19,985.54",,,,,
15-07-2021,"20,183.72",,,,,
14-07-2021,"20,147.24",,,,,
13-07-2021,"20,270.65",,,,,
12-07-2021,"20,233.08",,,,,
09-07-2021,"20,257.95",,,,,
08-07-2021,"20,061.21",,,,,
07-07-2021,"20,290.60",,,,,
06-07-2021,"20,300.03",,,,,
05-07-2021,"20,281.46",,,,,
02-07-2021,"20,226.11",,,,,
30-06-2021,"20,165.58",,,,,
29-06-2021,"20,171.02",,,,,
28-06-2021,"20,145.25",,,,,
25-06-2021,"20,230.26",,,,,
24-06-2021,"20,215.12",,,,,
23-06-2021,"20,164.39",,,,,
22-06-2021,"20,200.65",,,,,
21-06-2021,"20,156.36",,,,,
18-06-2021,"19,999.59",,,,,
17-06-2021,"20,144.04",,,,,
16-06-2021,"20,230.96",,,,,
15-06-2021,"20,231.32",,,,,
14-06-2021,"20,157.65",,,,,
11-06-2021,"20,138.35",,,,,
10-06-2021,"20,049.47",,,,,
09-06-2021,"20,002.27",,,,,
08-06-2021,"20,065.92",,,,,
07-06-2021,"20,035.30",,,,,
04-06-2021,"20,029.19",,,,,
03-06-2021,"19,941.39",,,,,
02-06-2021,"19,971.15",,,,,
01-06-2021,"19,976.01",,,,,
31-05-2021,"19,730.99",,,,,
28-05-2021,"19,852.18",,,,,
27-05-2021,"19,774.41",,,,,
26-05-2021,"19,745.47",,,,,
25-05-2021,"19,564.12",,,,,
21-05-2021,"19,527.30",,,,,
20-05-2021,"19,542.95",,,,,
19-05-2021,"19,417.03",,,,,
18-05-2021,"19,507.05",,,,,
17-05-2021,"19,474.65",,,,,
14-05-2021,"19,366.69",,,,,
13-05-2021,"19,135.81",,,,,
12-05-2021,"19,107.77",,,,,
11-05-2021,"19,274.04",,,,,
10-05-2021,"19,361.88",,,,,
07-05-2021,"19,472.74",,,,,
06-05-2021,"19,290.98",,,,,
05-05-2021,"19,310.74",,,,,
04-05-2021,"19,188.03",,,,,
03-05-2021,"19,213.16",,,,,
30-04-2021,"19,108.33",,,,,
29-04-2021,"19,255.92",,,,,
28-04-2021,"19,356.95",,,,,
27-04-2021,"19,175.09",,,,,
26-04-2021,"19,170.56",,,,,
23-04-2021,"19,102.33",,,,,
22-04-2021,"19,031.64",,,,,
21-04-2021,"19,143.25",,,,,
20-04-2021,"19,040.78",,,,,
19-04-2021,"19,204.42",,,,,
16-04-2021,"19,351.32",,,,,
15-04-2021,"19,321.92",,,,,
14-04-2021,"19,171.66",,,,,
13-04-2021,"19,203.70",,,,,
12-04-2021,"19,201.28",,,,,
09-04-2021,"19,228.03",,,,,
08-04-2021,"19,228.87",,,,,
07-04-2021,"19,129.07",,,,,
06-04-2021,"19,104.14",,,,,
05-04-2021,"19,026.79",,,,,
01-04-2021,"18,990.32",,,,,
31-03-2021,"18,700.67",,,,,
30-03-2021,"18,705.56",,,,,
29-03-2021,"18,719.22",,,,,
26-03-2021,"18,752.58",,,,,
25-03-2021,"18,651.10",,,,,
24-03-2021,"18,628.29",,,,,
23-03-2021,"18,669.80",,,,,
22-03-2021,"18,815.13",,,,,
19-03-2021,"18,854.00",,,,,
18-03-2021,"18,836.47",,,,,
17-03-2021,"18,983.10",,,,,
16-03-2021,"18,874.01",,,,,
15-03-2021,"18,954.75",,,,,
12-03-2021,"18,851.32",,,,,
11-03-2021,"18,844.57",,,,,
10-03-2021,"18,690.00",,,,,
09-03-2021,"18,599.19",,,,,
08-03-2021,"18,457.78",,,,,
05-03-2021,"18,380.96",,,,,
04-03-2021,"18,125.72",,,,,
03-03-2021,"18,320.67",,,,,
02-03-2021,"18,421.60",,,,,
01-03-2021,"18,299.62",,,,,
26-02-2021,"18,060.26",,,,,
25-02-2021,"18,223.54",,,,,
24-02-2021,"18,484.53",,,,,
23-02-2021,"18,330.09",,,,,
22-02-2021,"18,416.74",,,,,
19-02-2021,"18,384.27",,,,,
18-02-2021,"18,274.07",,,,,
17-02-2021,"18,374.78",,,,,
16-02-2021,"18,492.72",,,,,
12-02-2021,"18,460.21",,,,,
11-02-2021,"18,392.99",,,,,
10-02-2021,"18,457.78",,,,,
09-02-2021,"18,408.62",,,,,
08-02-2021,"18,330.26",,,,,
05-02-2021,"18,135.90",,,,,
04-02-2021,"18,041.97",,,,,
03-02-2021,"17,915.91",,,,,
02-02-2021,"17,874.49",,,,,
01-02-2021,"17,692.45",,,,,
29-01-2021,"17,337.02",,,,,
28-01-2021,"17,657.20",,,,,
27-01-2021,"17,424.43",,,,,
26-01-2021,"17,779.41",,,,,
25-01-2021,"17,906.02",,,,,
22-01-2021,"17,845.91",,,,,
21-01-2021,"17,916.20",,,,,
20-01-2021,"18,014.91",,,,,
19-01-2021,"17,957.37",,,,,
18-01-2021,"17,944.88",,,,,
15-01-2021,"17,909.03",,,,,
14-01-2021,"17,958.09",,,,,
13-01-2021,"17,934.74",,,,,
12-01-2021,"17,985.80",,,,,
11-01-2021,"17,934.45",,,,,
08-01-2021,"18,042.07",,,,,
07-01-2021,"18,027.57",,,,,
06-01-2021,"17,828.11",,,,,
05-01-2021,"17,682.51",,,,,
04-01-2021,"17,527.77",,,,,
31-12-2020,"17,433.36",,,,,
30-12-2020,"17,545.81",,,,,
29-12-2020,"17,543.43",,,,,
24-12-2020,"17,623.88",,,,,
23-12-2020,"17,593.57",,,,,
22-12-2020,"17,552.46",,,,,
21-12-2020,"17,500.89",,,,,
18-12-2020,"17,534.63",,,,,
17-12-2020,"17,652.94",,,,,
16-12-2020,"17,567.42",,,,,
15-12-2020,"17,506.48",,,,,
14-12-2020,"17,387.40",,,,,
11-12-2020,"17,548.92",,,,,
10-12-2020,"17,593.34",,,,,
09-12-2020,"17,559.86",,,,,
08-12-2020,"17,639.00",,,,,
07-12-2020,"17,582.35",,,,,
04-12-2020,"17,520.97",,,,,
03-12-2020,"17,398.02",,,,,
02-12-2020,"17,358.21",,,,,
01-12-2020,"17,296.93",,,,,
30-11-2020,"17,190.25",,,,,
27-11-2020,"17,396.56",,,,,
26-11-2020,"17,351.34",,,,,
25-11-2020,"17,313.07",,,,,
24-11-2020,"17,274.25",,,,,
23-11-2020,"17,094.53",,,,,
20-11-2020,"17,019.10",,,,,
19-11-2020,"16,909.81",,,,,
18-11-2020,"16,889.82",,,,,
17-11-2020,"16,948.06",,,,,
16-11-2020,"16,889.81",,,,,
13-11-2020,"16,675.64",,,,,
12-11-2020,"16,582.18",,,,,
11-11-2020,"16,774.14",,,,,
10-11-2020,"16,615.37",,,,,
09-11-2020,"16,475.86",,,,,
06-11-2020,"16,282.83",,,,,
05-11-2020,"16,298.17",,,,,
04-11-2020,"15,998.74",,,,,
03-11-2020,"15,939.15",,,,,
02-11-2020,"15,696.87",,,,,
30-10-2020,"15,580.64",,,,,
29-10-2020,"15,670.70",,,,,
28-10-2020,"15,586.57",,,,,
27-10-2020,"16,020.94",,,,,
26-10-2020,"16,079.55",,,,,
23-10-2020,"16,304.08",,,,,
22-10-2020,"16,279.36",,,,,
21-10-2020,"16,230.23",,,,,
20-10-2020,"16,273.26",,,,,
19-10-2020,"16,274.07",,,,,
16-10-2020,"16,438.75",,,,,
15-10-2020,"16,501.03",,,,,
14-10-2020,"16,455.40",,,,,
13-10-2020,"16,510.83",,,,,
09-10-2020,"16,562.81",,,,,
08-10-2020,"16,534.54",,,,,
07-10-2020,"16,428.30",,,,,
06-10-2020,"16,236.13",,,,,
05-10-2020,"16,410.19",,,,,
02-10-2020,"16,199.25",,,,,
01-10-2020,"16,184.54",,,,,
30-09-2020,"16,121.38",,,,,
29-09-2020,"16,211.52",,,,,
28-09-2020,"16,242.81",,,,,
25-09-2020,"16,065.35",,,,,
24-09-2020,"15,912.26",,,,,
23-09-2020,"15,817.11",,,,,
22-09-2020,"16,142.89",,,,,
21-09-2020,"15,981.77",,,,,
18-09-2020,"16,198.97",,,,,
17-09-2020,"16,246.72",,,,,
16-09-2020,"16,295.66",,,,,
15-09-2020,"16,431.27",,,,,
14-09-2020,"16,360.14",,,,,
11-09-2020,"16,222.46",,,,,
10-09-2020,"16,185.32",,,,,
09-09-2020,"16,383.60",,,,,
08-09-2020,"16,099.52",,,,,
04-09-2020,"16,218.01",,,,,
03-09-2020,"16,448.89",,,,,
02-09-2020,"16,697.97",,,,,
01-09-2020,"16,644.99",,,,,
31-08-2020,"16,514.44",,,,,
28-08-2020,"16,705.79",,,,,
27-08-2020,"16,731.49",,,,,
26-08-2020,"16,789.97",,,,,
25-08-2020,"16,617.48",,,,,
24-08-2020,"16,626.64",,,,,
21-08-2020,"16,517.85",,,,,
20-08-2020,"16,606.76",,,,,
19-08-2020,"16,577.38",,,,,
18-08-2020,"16,626.06",,,,,
17-08-2020,"16,656.12",,,,,
14-08-2020,"16,514.61",,,,,
13-08-2020,"16,530.06",,,,,
12-08-2020,"16,575.28",,,,,
11-08-2020,"16,497.01",,,,,
10-08-2020,"16,605.50",,,,,
07-08-2020,"16,544.48",,,,,
06-08-2020,"16,579.10",,,,,
05-08-2020,"16,501.61",,,,,
04-08-2020,"16,368.03",,,,,
31-07-2020,"16,169.20",,,,,
30-07-2020,"16,299.29",,,,,
29-07-2020,"16,294.66",,,,,
28-07-2020,"16,121.32",,,,,
27-07-2020,"16,161.33",,,,,
24-07-2020,"15,997.06",,,,,
23-07-2020,"16,018.65",,,,,
22-07-2020,"16,171.06",,,,,
21-07-2020,"16,162.96",,,,,
20-07-2020,"16,183.66",,,,,
17-07-2020,"16,123.48",,,,,
16-07-2020,"16,024.50",,,,,
15-07-2020,"16,063.33",,,,,
14-07-2020,"15,908.45",,,,,
13-07-2020,"15,639.41",,,,,
10-07-2020,"15,713.82",,,,,
09-07-2020,"15,568.64",,,,,
08-07-2020,"15,629.19",,,,,
07-07-2020,"15,595.50",,,,,
06-07-2020,"15,669.67",,,,,
03-07-2020,"15,596.75",,,,,
02-07-2020,"15,622.40",,,,,
30-06-2020,"15,515.22",,,,,
29-06-2020,"15,389.72",,,,,
26-06-2020,"15,188.98",,,,,
25-06-2020,"15,446.14",,,,,
24-06-2020,"15,294.38",,,,,
23-06-2020,"15,564.75",,,,,
22-06-2020,"15,516.90",,,,,
19-06-2020,"15,474.20",,,,,
18-06-2020,"15,479.83",,,,,
17-06-2020,"15,428.69",,,,,
16-06-2020,"15,515.83",,,,,
15-06-2020,"15,359.66",,,,,
12-06-2020,"15,256.57",,,,,
11-06-2020,"15,050.92",,,,,
10-06-2020,"15,701.33",,,,,
09-06-2020,"15,833.74",,,,,
08-06-2020,"15,974.91",,,,,
05-06-2020,"15,854.07",,,,,
04-06-2020,"15,527.87",,,,,
03-06-2020,"15,572.63",,,,,
02-06-2020,"15,396.33",,,,,
01-06-2020,"15,236.21",,,,,
29-05-2020,"15,192.83",,,,,
28-05-2020,"15,262.73",,,,,
27-05-2020,"15,272.03",,,,,
26-05-2020,"15,148.12",,,,,
25-05-2020,"15,075.42",,,,,
22-05-2020,"14,913.64",,,,,
21-05-2020,"14,884.85",,,,,
20-05-2020,"14,997.63",,,,,
19-05-2020,"14,885.48",,,,,
15-05-2020,"14,638.90",,,,,
14-05-2020,"14,509.66",,,,,
13-05-2020,"14,503.21",,,,,
12-05-2020,"14,881.16",,,,,
11-05-2020,"15,103.22",,,,,
08-05-2020,"14,966.56",,,,,
07-05-2020,"14,833.69",,,,,
06-05-2020,"14,830.74",,,,,
05-05-2020,"14,811.56",,,,,
04-05-2020,"14,745.04",,,,,
01-05-2020,"14,620.34",,,,,
30-04-2020,"14,780.74",,,,,
29-04-2020,"15,228.11",,,,,
28-04-2020,"14,798.29",,,,,
27-04-2020,"14,642.11",,,,,
24-04-2020,"14,420.36",,,,,
23-04-2020,"14,251.09",,,,,
22-04-2020,"14,288.16",,,,,
21-04-2020,"13,940.06",,,,,
20-04-2020,"14,388.28",,,,,
17-04-2020,"14,359.88",,,,,
16-04-2020,"13,899.32",,,,,
15-04-2020,"13,958.58",,,,,
14-04-2020,"14,258.43",,,,,
13-04-2020,"14,075.94",,,,,
09-04-2020,"14,166.63",,,,,
08-04-2020,"13,925.71",,,,,
07-04-2020,"13,614.14",,,,,
06-04-2020,"13,592.70",,,,,
03-04-2020,"12,938.30",,,,,
02-04-2020,"13,097.84",,,,,
01-04-2020,"12,876.37",,,,,
31-03-2020,"13,378.75",,,,,
30-03-2020,"13,038.50",,,,,
27-03-2020,"12,687.74",,,,,
26-03-2020,"13,371.17",,,,,
25-03-2020,"13,139.23",,,,,
24-03-2020,"12,571.08",,,,,
23-03-2020,"11,228.49",,,,,
20-03-2020,"11,851.81",,,,,
19-03-2020,"12,170.52",,,,,
18-03-2020,"11,721.42",,,,,
17-03-2020,"12,685.21",,,,,
16-03-2020,"12,360.40",,,,,
13-03-2020,"13,716.33",,,,,
12-03-2020,"12,508.45",,,,,
11-03-2020,"14,270.09",,,,,
10-03-2020,"14,958.09",,,,,
09-03-2020,"14,514.24",,,,,
06-03-2020,"16,175.02",,,,,
05-03-2020,"16,553.99",,,,,
04-03-2020,"16,779.53",,,,,
03-03-2020,"16,423.62",,,,,
02-03-2020,"16,553.26",,,,,
28-02-2020,"16,263.05",,,,,
27-02-2020,"16,767.72",,,,,
26-02-2020,"17,041.92",,,,,
25-02-2020,"17,177.37",,,,,
24-02-2020,"17,562.74",,,,,
21-02-2020,"17,843.53",,,,,
20-02-2020,"17,944.06",,,,,
19-02-2020,"17,925.36",,,,,
18-02-2020,"17,858.34",,,,,
14-02-2020,"17,848.36",,,,,
13-02-2020,"17,821.17",,,,,
12-02-2020,"17,832.85",,,,,
11-02-2020,"17,777.11",,,,,
10-02-2020,"17,740.57",,,,,
07-02-2020,"17,655.49",,,,,
06-02-2020,"17,757.49",,,,,
05-02-2020,"17,651.59",,,,,
04-02-2020,"17,512.73",,,,,
03-02-2020,"17,379.76",,,,,
31-01-2020,"17,318.49",,,,,
30-01-2020,"17,490.56",,,,,
29-01-2020,"17,511.75",,,,,
28-01-2020,"17,500.88",,,,,
27-01-2020,"17,442.52",,,,,
24-01-2020,"17,565.34",,,,,
23-01-2020,"17,621.78",,,,,
22-01-2020,"17,599.86",,,,,
21-01-2020,"17,572.28",,,,,
20-01-2020,"17,597.39",,,,,
17-01-2020,"17,559.02",,,,,
16-01-2020,"17,484.77",,,,,
15-01-2020,"17,415.17",,,,,
14-01-2020,"17,352.90",,,,,
13-01-2020,"17,293.42",,,,,
10-01-2020,"17,234.49",,,,,
09-01-2020,"17,235.57",,,,,
08-01-2020,"17,167.82",,,,,
07-01-2020,"17,168.06",,,,,
06-01-2020,"17,105.47",,,,,
03-01-2020,"17,066.12",,,,,
02-01-2020,"17,099.95",,,,,
31-12-2019,"17,063.43",,,,,
30-12-2019,"17,098.56",,,,,
27-12-2019,"17,168.21",,,,,
24-12-2019,"17,180.15",,,,,
23-12-2019,"17,128.71",,,,,
20-12-2019,"17,118.44",,,,,
19-12-2019,"17,064.04",,,,,
18-12-2019,"17,031.98",,,,,
17-12-2019,"17,075.20",,,,,
16-12-2019,"17,056.36",,,,,
13-12-2019,"17,003.13",,,,,
12-12-2019,"16,946.90",,,,,
11-12-2019,"16,939.61",,,,,
10-12-2019,"16,950.70",,,,,
09-12-2019,"16,950.85",,,,,
06-12-2019,"16,996.97",,,,,
05-12-2019,"16,854.92",,,,,
04-12-2019,"16,897.34",,,,,
03-12-2019,"16,892.18",,,,,
02-12-2019,"16,981.47",,,,,
29-11-2019,"17,040.20",,,,,
28-11-2019,"17,114.52",,,,,
27-11-2019,"17,100.57",,,,,
26-11-2019,"17,035.88",,,,,
25-11-2019,"17,032.86",,,,,
22-11-2019,"16,954.84",,,,,
21-11-2019,"16,999.19",,,,,
20-11-2019,"17,005.82",,,,,
19-11-2019,"17,011.40",,,,,
18-11-2019,"17,025.11",,,,,
15-11-2019,"17,028.47",,,,,
14-11-2019,"16,972.18",,,,,
13-11-2019,"16,957.99",,,,,
12-11-2019,"16,909.38",,,,,
11-11-2019,"16,882.83",,,,,
08-11-2019,"16,877.42",,,,,
07-11-2019,"16,805.75",,,,,
06-11-2019,"16,745.64",,,,,
05-11-2019,"16,681.92",,,,,
04-11-2019,"16,669.81",,,,,
01-11-2019,"16,594.07",,,,,
31-10-2019,"16,483.16",,,,,
30-10-2019,"16,501.43",,,,,
29-10-2019,"16,418.14",,,,,
28-10-2019,"16,387.53",,,,,
25-10-2019,"16,404.49",,,,,
24-10-2019,"16,369.32",,,,,
23-10-2019,"16,335.93",,,,,
22-10-2019,"16,391.52",,,,,
21-10-2019,"16,418.45",,,,,
18-10-2019,"16,377.12",,,,,
17-10-2019,"16,426.30",,,,,
16-10-2019,"16,427.18",,,,,
15-10-2019,"16,418.39",,,,,
11-10-2019,"16,415.16",,,,,
10-10-2019,"16,422.68",,,,,
09-10-2019,"16,379.87",,,,,
08-10-2019,"16,293.95",,,,,
07-10-2019,"16,424.52",,,,,
04-10-2019,"16,449.35",,,,,
03-10-2019,"16,369.03",,,,,
02-10-2019,"16,310.97",,,,,
01-10-2019,"16,447.66",,,,,
30-09-2019,"16,658.63",,,,,
27-09-2019,"16,694.27",,,,,
26-09-2019,"16,790.40",,,,,
25-09-2019,"16,784.29",,,,,
24-09-2019,"16,798.33",,,,,
23-09-2019,"16,867.20",,,,,
20-09-2019,"16,899.69",,,,,
19-09-2019,"16,858.35",,,,,
18-09-2019,"16,800.29",,,,,
17-09-2019,"16,834.75",,,,,
16-09-2019,"16,751.31",,,,,
13-09-2019,"16,682.42",,,,,
12-09-2019,"16,643.28",,,,,
11-09-2019,"16,611.14",,,,,
10-09-2019,"16,537.34",,,,,
09-09-2019,"16,495.09",,,,,
06-09-2019,"16,535.33",,,,,
05-09-2019,"16,574.81",,,,,
04-09-2019,"16,448.84",,,,,
03-09-2019,"16,399.23",,,,,
30-08-2019,"16,442.07",,,,,
29-08-2019,"16,384.49",,,,,
28-08-2019,"16,271.65",,,,,
27-08-2019,"16,183.59",,,,,
26-08-2019,"16,098.79",,,,,
23-08-2019,"16,037.58",,,,,
22-08-2019,"16,253.46",,,,,
21-08-2019,"16,309.23",,,,,
20-08-2019,"16,213.31",,,,,
19-08-2019,"16,304.05",,,,,
16-08-2019,"16,149.79",,,,,
15-08-2019,"16,012.53",,,,,
14-08-2019,"16,045.94",,,,,
13-08-2019,"16,350.84",,,,,
12-08-2019,"16,237.77",,,,,
09-08-2019,"16,341.34",,,,,
08-08-2019,"16,404.53",,,,,
07-08-2019,"16,265.22",,,,,
06-08-2019,"16,149.49",,,,,
02-08-2019,"16,271.66",,,,,
01-08-2019,"16,377.04",,,,,
31-07-2019,"16,406.56",,,,,
30-07-2019,"16,466.05",,,,,
29-07-2019,"16,492.17",,,,,
26-07-2019,"16,531.04",,,,,
25-07-2019,"16,488.20",,,,,
24-07-2019,"16,611.84",,,,,
23-07-2019,"16,572.68",,,,,
22-07-2019,"16,518.88",,,,,
19-07-2019,"16,485.94",,,,,
18-07-2019,"16,494.23",,,,,
17-07-2019,"16,484.21",,,,,
16-07-2019,"16,502.42",,,,,
15-07-2019,"16,510.82",,,,,
12-07-2019,"16,488.12",,,,,
11-07-2019,"16,527.90",,,,,
10-07-2019,"16,563.29",,,,,
09-07-2019,"16,545.21",,,,,
08-07-2019,"16,462.95",,,,,
05-07-2019,"16,541.99",,,,,
04-07-2019,"16,588.85",,,,,
03-07-2019,"16,576.20",,,,,
02-07-2019,"16,471.29",,,,,
28-06-2019,"16,382.20",,,,,
27-06-2019,"16,307.73",,,,,
26-06-2019,"16,312.22",,,,,
25-06-2019,"16,371.28",,,,,
24-06-2019,"16,523.47",,,,,
21-06-2019,"16,525.43",,,,,
20-06-2019,"16,574.83",,,,,
19-06-2019,"16,511.79",,,,,
18-06-2019,"16,503.35",,,,,
17-06-2019,"16,353.45",,,,,
14-06-2019,"16,301.91",,,,,
13-06-2019,"16,239.26",,,,,
12-06-2019,"16,227.24",,,,,
11-06-2019,"16,248.76",,,,,
10-06-2019,"16,216.26",,,,,
07-06-2019,"16,230.96",,,,,
06-06-2019,"16,227.80",,,,,
05-06-2019,"16,212.66",,,,,
04-06-2019,"16,166.24",,,,,
03-06-2019,"16,015.89",,,,,
31-05-2019,"16,037.49",,,,,
30-05-2019,"16,089.24",,,,,
29-05-2019,"16,131.47",,,,,
28-05-2019,"16,297.46",,,,,
27-05-2019,"16,346.66",,,,,
24-05-2019,"16,230.04",,,,,
23-05-2019,"16,164.61",,,,,
22-05-2019,"16,327.35",,,,,
21-05-2019,"16,426.47",,,,,
17-05-2019,"16,401.75",,,,,
16-05-2019,"16,443.86",,,,,
15-05-2019,"16,318.14",,,,,
14-05-2019,"16,284.53",,,,,
13-05-2019,"16,193.41",,,,,
10-05-2019,"16,297.55",,,,,
09-05-2019,"16,321.75",,,,,
08-05-2019,"16,397.40",,,,,
07-05-2019,"16,357.75",,,,,
06-05-2019,"16,493.46",,,,,
03-05-2019,"16,494.43",,,,,
02-05-2019,"16,410.88",,,,,
01-05-2019,"16,502.75",,,,,
30-04-2019,"16,580.73",,,,,
29-04-2019,"16,600.37",,,,,
26-04-2019,"16,613.46",,,,,
25-04-2019,"16,576.10",,,,,
24-04-2019,"16,586.52",,,,,
23-04-2019,"16,669.40",,,,,
22-04-2019,"16,577.28",,,,,
18-04-2019,"16,612.81",,,,,
17-04-2019,"16,544.24",,,,,
16-04-2019,"16,502.20",,,,,
15-04-2019,"16,515.46",,,,,
12-04-2019,"16,480.53",,,,,
11-04-2019,"16,399.47",,,,,
10-04-2019,"16,396.29",,,,,
09-04-2019,"16,336.45",,,,,
08-04-2019,"16,407.29",,,,,
05-04-2019,"16,396.15",,,,,
04-04-2019,"16,311.61",,,,,
03-04-2019,"16,279.86",,,,,
02-04-2019,"16,263.87",,,,,
01-04-2019,"16,228.06",,,,,
29-03-2019,"16,102.09",,,,,
28-03-2019,"16,155.49",,,,,
27-03-2019,"16,132.53",,,,,
26-03-2019,"16,155.16",,,,,
25-03-2019,"16,065.86",,,,,
22-03-2019,"16,089.33",,,,,
21-03-2019,"16,244.59",,,,,
20-03-2019,"16,167.56",,,,,
19-03-2019,"16,188.10",,,,,
18-03-2019,"16,251.37",,,,,
15-03-2019,"16,140.35",,,,,
14-03-2019,"16,087.55",,,,,
13-03-2019,"16,149.97",,,,,
12-03-2019,"16,136.66",,,,,
11-03-2019,"16,106.24",,,,,
08-03-2019,"15,996.21",,,,,
07-03-2019,"16,056.51",,,,,
06-03-2019,"16,092.07",,,,,
05-03-2019,"16,086.54",,,,,
04-03-2019,"16,038.13",,,,,
01-03-2019,"16,068.25",,,,,
28-02-2019,"15,999.01",,,,,
27-02-2019,"16,074.30",,,,,
26-02-2019,"16,067.91",,,,,
25-02-2019,"16,057.03",,,,,
22-02-2019,"16,013.01",,,,,
21-02-2019,"16,000.86",,,,,
20-02-2019,"16,031.24",,,,,
19-02-2019,"15,937.44",,,,,
15-02-2019,"15,838.24",,,,,
14-02-2019,"15,695.98",,,,,
13-02-2019,"15,626.73",,,,,
12-02-2019,"15,642.10",,,,,
11-02-2019,"15,568.85",,,,,
08-02-2019,"15,633.33",,,,,
07-02-2019,"15,703.36",,,,,
06-02-2019,"15,712.31",,,,,
05-02-2019,"15,702.69",,,,,
04-02-2019,"15,602.32",,,,,
01-02-2019,"15,506.31",,,,,
31-01-2019,"15,540.60",,,,,
30-01-2019,"15,484.55",,,,,
29-01-2019,"15,463.14",,,,,
28-01-2019,"15,378.62",,,,,
25-01-2019,"15,366.05",,,,,
24-01-2019,"15,280.78",,,,,
23-01-2019,"15,208.33",,,,,
22-01-2019,"15,233.76",,,,,
21-01-2019,"15,354.16",,,,,
18-01-2019,"15,303.83",,,,,
17-01-2019,"15,211.22",,,,,
16-01-2019,"15,111.26",,,,,
15-01-2019,"15,046.28",,,,,
14-01-2019,"14,975.53",,,,,
11-01-2019,"14,939.18",,,,,
10-01-2019,"14,903.49",,,,,
09-01-2019,"14,804.73",,,,,
08-01-2019,"14,605.15",,,,,
07-01-2019,"14,504.13",,,,,
04-01-2019,"14,426.62",,,,,
03-01-2019,"14,212.75",,,,,
02-01-2019,"14,347.16",,,,,
31-12-2018,"14,322.86",,,,,
28-12-2018,"14,222.00",,,,,
27-12-2018,"14,165.21",,,,,
24-12-2018,"13,780.19",,,,,
21-12-2018,"13,935.44",,,,,
20-12-2018,"14,141.77",,,,,
19-12-2018,"14,264.06",,,,,
18-12-2018,"14,416.89",,,,,
17-12-2018,"14,362.65",,,,,
14-12-2018,"14,595.07",,,,,
13-12-2018,"14,750.35",,,,,
12-12-2018,"14,783.06",,,,,
11-12-2018,"14,667.83",,,,,
10-12-2018,"14,728.28",,,,,
07-12-2018,"14,795.13",,,,,
06-12-2018,"14,937.00",,,,,
05-12-2018,"15,182.64",,,,,
04-12-2018,"15,063.59",,,,,
03-12-2018,"15,274.98",,,,,
30-11-2018,"15,197.82",,,,,
29-11-2018,"15,194.04",,,,,
28-11-2018,"15,171.25",,,,,
27-11-2018,"14,944.09",,,,,
26-11-2018,"15,012.65",,,,,
23-11-2018,"15,010.73",,,,,
22-11-2018,"15,091.58",,,,,
21-11-2018,"15,095.02",,,,,
20-11-2018,"14,877.00",,,,,
19-11-2018,"15,071.01",,,,,
16-11-2018,"15,155.50",,,,,
15-11-2018,"15,144.88",,,,,
14-11-2018,"15,133.12",,,,,
13-11-2018,"15,131.78",,,,,
12-11-2018,"15,156.40",,,,,
09-11-2018,"15,274.44",,,,,
08-11-2018,"15,357.47",,,,,
07-11-2018,"15,369.43",,,,,
06-11-2018,"15,292.71",,,,,
05-11-2018,"15,217.70",,,,,
02-11-2018,"15,119.28",,,,,
01-11-2018,"15,150.15",,,,,
31-10-2018,"15,027.28",,,,,
30-10-2018,"14,894.50",,,,,
29-10-2018,"14,721.75",,,,,
26-10-2018,"14,888.26",,,,,
25-10-2018,"14,924.08",,,,,
24-10-2018,"14,909.13",,,,,
23-10-2018,"15,285.17",,,,,
22-10-2018,"15,412.70",,,,,
19-10-2018,"15,470.10",,,,,
18-10-2018,"15,404.13",,,,,
17-10-2018,"15,529.90",,,,,
16-10-2018,"15,579.74",,,,,
15-10-2018,"15,409.47",,,,,
12-10-2018,"15,414.29",,,,,
11-10-2018,"15,317.13",,,,,
10-10-2018,"15,517.40",,,,,
09-10-2018,"15,854.05",,,,,
05-10-2018,"15,946.17",,,,,
04-10-2018,"16,006.67",,,,,
03-10-2018,"16,072.05",,,,,
02-10-2018,"16,017.23",,,,,
01-10-2018,"16,104.43",,,,,
28-09-2018,"16,073.14",,,,,
27-09-2018,"16,204.62",,,,,
26-09-2018,"16,169.28",,,,,
25-09-2018,"16,159.50",,,,,
24-09-2018,"16,207.32",,,,,
21-09-2018,"16,224.13",,,,,
20-09-2018,"16,214.75",,,,,
19-09-2018,"16,149.92",,,,,
18-09-2018,"16,196.04",,,,,
17-09-2018,"16,082.31",,,,,
14-09-2018,"16,013.49",,,,,
13-09-2018,"16,001.71",,,,,
12-09-2018,"16,049.02",,,,,
11-09-2018,"16,094.25",,,,,
10-09-2018,"16,057.09",,,,,
07-09-2018,"16,090.27",,,,,
06-09-2018,"16,100.94",,,,,
05-09-2018,"16,137.57",,,,,
04-09-2018,"16,161.30",,,,,
31-08-2018,"16,262.88",,,,,
30-08-2018,"16,371.55",,,,,
29-08-2018,"16,390.29",,,,,
28-08-2018,"16,355.54",,,,,
27-08-2018,"16,444.39",,,,,
24-08-2018,"16,356.05",,,,,
23-08-2018,"16,326.79",,,,,
22-08-2018,"16,347.34",,,,,
21-08-2018,"16,296.97",,,,,
20-08-2018,"16,331.03",,,,,
17-08-2018,"16,323.71",,,,,
16-08-2018,"16,225.65",,,,,
15-08-2018,"16,148.50",,,,,
14-08-2018,"16,330.67",,,,,
13-08-2018,"16,250.75",,,,,
10-08-2018,"16,326.51",,,,,
09-08-2018,"16,416.98",,,,,
08-08-2018,"16,315.08",,,,,
07-08-2018,"16,286.30",,,,,
03-08-2018,"16,420.24",,,,,
02-08-2018,"16,409.16",,,,,
01-08-2018,"16,376.77",,,,,
31-07-2018,"16,434.01",,,,,
30-07-2018,"16,345.47",,,,,
27-07-2018,"16,393.95",,,,,
26-07-2018,"16,455.73",,,,,
25-07-2018,"16,420.76",,,,,
24-07-2018,"16,390.13",,,,,
23-07-2018,"16,420.84",,,,,
20-07-2018,"16,435.46",,,,,
19-07-2018,"16,543.01",,,,,
18-07-2018,"16,477.40",,,,,
17-07-2018,"16,519.24",,,,,
16-07-2018,"16,494.73",,,,,
13-07-2018,"16,561.12",,,,,
12-07-2018,"16,567.42",,,,,
11-07-2018,"16,417.32",,,,,
10-07-2018,"16,548.72",,,,,
09-07-2018,"16,452.34",,,,,
06-07-2018,"16,371.78",,,,,
05-07-2018,"16,266.61",,,,,
04-07-2018,"16,304.72",,,,,
03-07-2018,"16,263.16",,,,,
29-06-2018,"16,277.73",,,,,
28-06-2018,"16,179.89",,,,,
27-06-2018,"16,231.25",,,,,
26-06-2018,"16,280.09",,,,,
25-06-2018,"16,183.96",,,,,
22-06-2018,"16,450.14",,,,,
21-06-2018,"16,335.15",,,,,
20-06-2018,"16,420.95",,,,,
19-06-2018,"16,316.53",,,,,
18-06-2018,"16,383.63",,,,,
15-06-2018,"16,314.42",,,,,
14-06-2018,"16,328.96",,,,,
13-06-2018,"16,265.82",,,,,
12-06-2018,"16,288.98",,,,,
11-06-2018,"16,263.29",,,,,
08-06-2018,"16,202.69",,,,,
07-06-2018,"16,192.78",,,,,
06-06-2018,"16,183.93",,,,,
05-06-2018,"16,122.25",,,,,
04-06-2018,"16,052.24",,,,,
01-06-2018,"16,043.54",,,,,
31-05-2018,"16,061.50",,,,,
30-05-2018,"16,048.66",,,,,
29-05-2018,"15,922.61",,,,,
28-05-2018,"16,016.14",,,,,
25-05-2018,"16,075.67",,,,,
24-05-2018,"16,113.62",,,,,
23-05-2018,"16,133.80",,,,,
22-05-2018,"16,144.79",,,,,
18-05-2018,"16,162.31",,,,,
17-05-2018,"16,143.55",,,,,
16-05-2018,"16,108.06",,,,,
15-05-2018,"16,097.81",,,,,
14-05-2018,"16,085.61",,,,,
11-05-2018,"15,983.32",,,,,
10-05-2018,"15,959.50",,,,,
09-05-2018,"15,910.81",,,,,
08-05-2018,"15,842.71",,,,,
07-05-2018,"15,808.63",,,,,
04-05-2018,"15,729.40",,,,,
03-05-2018,"15,621.47",,,,,
02-05-2018,"15,627.93",,,,,
01-05-2018,"15,618.93",,,,,
30-04-2018,"15,607.88",,,,,
27-04-2018,"15,668.93",,,,,
26-04-2018,"15,637.59",,,,,
25-04-2018,"15,509.75",,,,,
24-04-2018,"15,477.00",,,,,
23-04-2018,"15,552.06",,,,,
20-04-2018,"15,484.32",,,,,
19-04-2018,"15,454.42",,,,,
18-04-2018,"15,529.97",,,,,
17-04-2018,"15,353.30",,,,,
16-04-2018,"15,300.38",,,,,
13-04-2018,"15,273.97",,,,,
12-04-2018,"15,269.27",,,,,
11-04-2018,"15,257.90",,,,,
10-04-2018,"15,262.14",,,,,
09-04-2018,"15,227.70",,,,,
06-04-2018,"15,207.41",,,,,
05-04-2018,"15,356.05",,,,,
04-04-2018,"15,164.37",,,,,
03-04-2018,"15,180.76",,,,,
02-04-2018,"15,213.45",,,,,
29-03-2018,"15,367.29",,,,,
28-03-2018,"15,169.94",,,,,
27-03-2018,"15,216.18",,,,,
26-03-2018,"15,298.56",,,,,
23-03-2018,"15,223.74",,,,,
22-03-2018,"15,399.93",,,,,
21-03-2018,"15,675.28",,,,,
20-03-2018,"15,616.36",,,,,
19-03-2018,"15,589.39",,,,,
16-03-2018,"15,711.33",,,,,
15-03-2018,"15,670.62",,,,,
14-03-2018,"15,653.61",,,,,
13-03-2018,"15,647.14",,,,,
12-03-2018,"15,604.79",,,,,
09-03-2018,"15,577.81",,,,,
08-03-2018,"15,538.70",,,,,
07-03-2018,"15,472.61",,,,,
06-03-2018,"15,545.19",,,,,
05-03-2018,"15,541.28",,,,,
02-03-2018,"15,384.59",,,,,
01-03-2018,"15,393.95",,,,,
28-02-2018,"15,442.68",,,,,
27-02-2018,"15,671.15",,,,,
26-02-2018,"15,714.66",,,,,
23-02-2018,"15,638.45",,,,,
22-02-2018,"15,508.17",,,,,
21-02-2018,"15,524.01",,,,,
20-02-2018,"15,439.44",,,,,
16-02-2018,"15,452.64",,,,,
15-02-2018,"15,407.66",,,,,
14-02-2018,"15,328.27",,,,,
13-02-2018,"15,216.47",,,,,
12-02-2018,"15,241.88",,,,,
09-02-2018,"15,034.53",,,,,
08-02-2018,"15,065.61",,,,,
07-02-2018,"15,330.58",,,,,
06-02-2018,"15,363.93",,,,,
05-02-2018,"15,334.81",,,,,
02-02-2018,"15,606.03",,,,,
01-02-2018,"15,860.92",,,,,
31-01-2018,"15,951.67",,,,,
30-01-2018,"15,955.51",,,,,
29-01-2018,"16,094.72",,,,,
26-01-2018,"16,239.22",,,,,
25-01-2018,"16,204.01",,,,,
24-01-2018,"16,284.21",,,,,
23-01-2018,"16,357.55",,,,,
22-01-2018,"16,347.98",,,,,
19-01-2018,"16,353.46",,,,,
18-01-2018,"16,284.47",,,,,
17-01-2018,"16,326.70",,,,,
16-01-2018,"16,298.88",,,,,
15-01-2018,"16,371.81",,,,,
12-01-2018,"16,308.18",,,,,
11-01-2018,"16,286.94",,,,,
10-01-2018,"16,247.95",,,,,
09-01-2018,"16,319.24",,,,,
08-01-2018,"16,317.65",,,,,
05-01-2018,"16,349.44",,,,,
04-01-2018,"16,412.94",,,,,
03-01-2018,"16,371.55",,,,,
02-01-2018,"16,309.99",,,,,
29-12-2017,"16,209.13",,,,,
28-12-2017,"16,221.95",,,,,
27-12-2017,"16,203.13",,,,,
22-12-2017,"16,165.27",,,,,
21-12-2017,"16,182.63",,,,,
20-12-2017,"16,159.67",,,,,
19-12-2017,"16,133.35",,,,,
18-12-2017,"16,131.64",,,,,
15-12-2017,"16,041.98",,,,,
14-12-2017,"16,016.46",,,,,
13-12-2017,"16,136.59",,,,,
12-12-2017,"16,114.03",,,,,
11-12-2017,"16,103.51",,,,,
08-12-2017,"16,096.07",,,,,
07-12-2017,"16,015.68",,,,,
06-12-2017,"15,908.78",,,,,
05-12-2017,"15,915.68",,,,,
04-12-2017,"15,969.03",,,,,
01-12-2017,"16,038.97",,,,,
30-11-2017,"16,067.48",,,,,
29-11-2017,"15,967.72",,,,,
28-11-2017,"16,029.64",,,,,
27-11-2017,"16,042.12",,,,,
24-11-2017,"16,108.09",,,,,
23-11-2017,"16,074.30",,,,,
22-11-2017,"16,073.58",,,,,
21-11-2017,"16,076.65",,,,,
20-11-2017,"16,004.40",,,,,
17-11-2017,"15,998.57",,,,,
16-11-2017,"15,935.37",,,,,
15-11-2017,"15,878.48",,,,,
14-11-2017,"15,913.13",,,,,
13-11-2017,"16,026.26",,,,,
10-11-2017,"16,039.26",,,,,
09-11-2017,"16,082.09",,,,,
08-11-2017,"16,105.35",,,,,
07-11-2017,"16,131.79",,,,,
06-11-2017,"16,092.20",,,,,
03-11-2017,"16,020.16",,,,,
02-11-2017,"16,014.99",,,,,
01-11-2017,"16,029.33",,,,,
31-10-2017,"16,025.59",,,,,
30-10-2017,"16,002.78",,,,,
27-10-2017,"15,953.51",,,,,
26-10-2017,"15,891.63",,,,,
25-10-2017,"15,854.77",,,,,
24-10-2017,"15,905.14",,,,,
23-10-2017,"15,855.76",,,,,
20-10-2017,"15,857.22",,,,,
19-10-2017,"15,818.00",,,,,
18-10-2017,"15,782.16",,,,,
17-10-2017,"15,816.90",,,,,
16-10-2017,"15,802.70",,,,,
13-10-2017,"15,807.17",,,,,
12-10-2017,"15,742.20",,,,,
11-10-2017,"15,800.40",,,,,
10-10-2017,"15,770.36",,,,,
06-10-2017,"15,728.32",,,,,
05-10-2017,"15,776.30",,,,,
04-10-2017,"15,721.00",,,,,
03-10-2017,"15,728.51",,,,,
02-10-2017,"15,705.00",,,,,
29-09-2017,"15,634.94",,,,,
28-09-2017,"15,618.25",,,,,
27-09-2017,"15,609.66",,,,,
26-09-2017,"15,474.12",,,,,
25-09-2017,"15,516.23",,,,,
22-09-2017,"15,454.23",,,,,
21-09-2017,"15,454.92",,,,,
20-09-2017,"15,389.60",,,,,
19-09-2017,"15,292.97",,,,,
18-09-2017,"15,236.67",,,,,
15-09-2017,"15,173.03",,,,,
14-09-2017,"15,172.72",,,,,
13-09-2017,"15,126.81",,,,,
12-09-2017,"15,143.41",,,,,
11-09-2017,"15,040.30",,,,,
08-09-2017,"14,985.32",,,,,
07-09-2017,"15,024.53",,,,,
06-09-2017,"15,059.83",,,,,
05-09-2017,"15,090.15",,,,,
01-09-2017,"15,191.60",,,,,
31-08-2017,"15,211.87",,,,,
30-08-2017,"15,133.13",,,,,
29-08-2017,"15,082.70",,,,,
28-08-2017,"15,052.03",,,,,
25-08-2017,"15,055.99",,,,,
24-08-2017,"15,076.16",,,,,
23-08-2017,"15,063.16",,,,,
22-08-2017,"14,984.96",,,,,
21-08-2017,"14,951.88",,,,,
18-08-2017,"14,952.33",,,,,
17-08-2017,"15,033.64",,,,,
16-08-2017,"15,082.21",,,,,
15-08-2017,"15,097.84",,,,,
14-08-2017,"15,119.91",,,,,
11-08-2017,"15,033.38",,,,,
10-08-2017,"15,074.25",,,,,
09-08-2017,"15,217.33",,,,,
08-08-2017,"15,256.35",,,,,
04-08-2017,"15,257.97",,,,,
03-08-2017,"15,191.96",,,,,
02-08-2017,"15,265.63",,,,,
01-08-2017,"15,202.10",,,,,
31-07-2017,"15,143.87",,,,,
28-07-2017,"15,128.65",,,,,
27-07-2017,"15,191.36",,,,,
26-07-2017,"15,171.39",,,,,
25-07-2017,"15,202.37",,,,,
24-07-2017,"15,128.69",,,,,
21-07-2017,"15,183.13",,,,,
20-07-2017,"15,264.64",,,,,
19-07-2017,"15,244.71",,,,,
18-07-2017,"15,149.57",,,,,
17-07-2017,"15,165.36",,,,,
14-07-2017,"15,174.81",,,,,
13-07-2017,"15,135.00",,,,,
12-07-2017,"15,143.99",,,,,
11-07-2017,"15,149.14",,,,,
10-07-2017,"15,105.28",,,,,
07-07-2017,"15,027.16",,,,,
06-07-2017,"15,078.00",,,,,
05-07-2017,"15,153.12",,,,,
04-07-2017,"15,130.61",,,,,
30-06-2017,"15,182.19",,,,,
29-06-2017,"15,213.42",,,,,
28-06-2017,"15,355.58",,,,,
27-06-2017,"15,281.22",,,,,
26-06-2017,"15,316.02",,,,,
23-06-2017,"15,319.56",,,,,
22-06-2017,"15,219.90",,,,,
21-06-2017,"15,148.53",,,,,
20-06-2017,"15,149.60",,,,,
19-06-2017,"15,266.04",,,,,
16-06-2017,"15,192.54",,,,,
15-06-2017,"15,160.42",,,,,
14-06-2017,"15,170.13",,,,,
13-06-2017,"15,379.75",,,,,
12-06-2017,"15,383.80",,,,,
09-06-2017,"15,473.21",,,,,
08-06-2017,"15,423.09",,,,,
07-06-2017,"15,372.14",,,,,
06-06-2017,"15,464.56",,,,,
05-06-2017,"15,409.78",,,,,
02-06-2017,"15,442.75",,,,,
01-06-2017,"15,469.91",,,,,
31-05-2017,"15,349.91",,,,,
30-05-2017,"15,372.35",,,,,
29-05-2017,"15,421.91",,,,,
26-05-2017,"15,416.93",,,,,
25-05-2017,"15,410.73",,,,,
24-05-2017,"15,419.49",,,,,
23-05-2017,"15,476.94",,,,,
19-05-2017,"15,458.46",,,,,
18-05-2017,"15,277.20",,,,,
17-05-2017,"15,273.68",,,,,
16-05-2017,"15,543.33",,,,,
15-05-2017,"15,629.47",,,,,
12-05-2017,"15,537.88",,,,,
11-05-2017,"15,550.55",,,,,
10-05-2017,"15,633.21",,,,,
09-05-2017,"15,569.20",,,,,
08-05-2017,"15,652.08",,,,,
05-05-2017,"15,582.04",,,,,
04-05-2017,"15,396.70",,,,,
03-05-2017,"15,543.14",,,,,
02-05-2017,"15,619.65",,,,,
01-05-2017,"15,575.63",,,,,
28-04-2017,"15,586.13",,,,,
27-04-2017,"15,506.47",,,,,
26-04-2017,"15,649.54",,,,,
25-04-2017,"15,745.19",,,,,
24-04-2017,"15,712.46",,,,,
21-04-2017,"15,614.48",,,,,
20-04-2017,"15,625.56",,,,,
19-04-2017,"15,552.88",,,,,
18-04-2017,"15,622.57",,,,,
17-04-2017,"15,684.89",,,,,
13-04-2017,"15,535.48",,,,,
12-04-2017,"15,648.40",,,,,
11-04-2017,"15,727.11",,,,,
10-04-2017,"15,730.79",,,,,
07-04-2017,"15,667.13",,,,,
06-04-2017,"15,697.18",,,,,
05-04-2017,"15,642.99",,,,,
04-04-2017,"15,669.07",,,,,
03-04-2017,"15,584.40",,,,,
31-03-2017,"15,547.75",,,,,
30-03-2017,"15,578.76",,,,,
29-03-2017,"15,657.63",,,,,
28-03-2017,"15,598.57",,,,,
27-03-2017,"15,506.22",,,,,
24-03-2017,"15,442.67",,,,,
23-03-2017,"15,433.61",,,,,
22-03-2017,"15,348.46",,,,,
21-03-2017,"15,313.13",,,,,
20-03-2017,"15,442.32",,,,,
17-03-2017,"15,490.49",,,,,
16-03-2017,"15,562.41",,,,,
15-03-2017,"15,520.91",,,,,
14-03-2017,"15,379.61",,,,,
13-03-2017,"15,544.82",,,,,
10-03-2017,"15,506.68",,,,,
09-03-2017,"15,496.84",,,,,
08-03-2017,"15,496.98",,,,,
07-03-2017,"15,608.78",,,,,
06-03-2017,"15,629.75",,,,,
03-03-2017,"15,608.50",,,,,
02-03-2017,"15,536.65",,,,,
01-03-2017,"15,599.68",,,,,
28-02-2017,"15,399.24",,,,,
27-02-2017,"15,463.51",,,,,
24-02-2017,"15,533.47",,,,,
23-02-2017,"15,781.20",,,,,
22-02-2017,"15,830.22",,,,,
21-02-2017,"15,922.37",,,,,
17-02-2017,"15,838.63",,,,,
16-02-2017,"15,864.17",,,,,
15-02-2017,"15,844.95",,,,,
14-02-2017,"15,786.03",,,,,
13-02-2017,"15,756.58",,,,,
10-02-2017,"15,729.12",,,,,
09-02-2017,"15,617.30",,,,,
08-02-2017,"15,554.04",,,,,
07-02-2017,"15,498.80",,,,,
06-02-2017,"15,456.94",,,,,
03-02-2017,"15,476.39",,,,,
02-02-2017,"15,399.11",,,,,
01-02-2017,"15,402.39",,,,,
31-01-2017,"15,385.96",,,,,
30-01-2017,"15,405.12",,,,,
27-01-2017,"15,575.81",,,,,
26-01-2017,"15,615.52",,,,,
25-01-2017,"15,643.84",,,,,
24-01-2017,"15,610.69",,,,,
23-01-2017,"15,480.13",,,,,
20-01-2017,"15,547.88",,,,,
19-01-2017,"15,409.81",,,,,
18-01-2017,"15,397.85",,,,,
17-01-2017,"15,441.36",,,,,
16-01-2017,"15,479.29",,,,,
13-01-2017,"15,497.28",,,,,
12-01-2017,"15,418.16",,,,,
11-01-2017,"15,491.54",,,,,
10-01-2017,"15,426.28",,,,,
09-01-2017,"15,388.95",,,,,
06-01-2017,"15,496.05",,,,,
05-01-2017,"15,586.58",,,,,
04-01-2017,"15,516.75",,,,,
03-01-2017,"15,403.03",,,,,
30-12-2016,"15,287.59",,,,,
29-12-2016,"15,422.12",,,,,
28-12-2016,"15,361.10",,,,,
23-12-2016,"15,328.15",,,,,
22-12-2016,"15,335.23",,,,,
21-12-2016,"15,305.89",,,,,
20-12-2016,"15,292.96",,,,,
19-12-2016,"15,269.85",,,,,
16-12-2016,"15,252.20",,,,,
15-12-2016,"15,218.31",,,,,
14-12-2016,"15,197.18",,,,,
13-12-2016,"15,385.27",,,,,
12-12-2016,"15,287.70",,,,,
09-12-2016,"15,312.20",,,,,
08-12-2016,"15,295.20",,,,,
07-12-2016,"15,237.75",,,,,
06-12-2016,"15,125.80",,,,,
05-12-2016,"15,095.17",,,,,
02-12-2016,"15,052.52",,,,,
01-12-2016,"15,027.53",,,,,
30-11-2016,"15,082.85",,,,,
29-11-2016,"14,999.81",,,,,
28-11-2016,"15,015.36",,,,,
25-11-2016,"15,075.44",,,,,
24-11-2016,"15,075.20",,,,,
23-11-2016,"15,080.91",,,,,
22-11-2016,"15,100.38",,,,,
21-11-2016,"15,039.87",,,,,
18-11-2016,"14,864.03",,,,,
17-11-2016,"14,826.09",,,,,
16-11-2016,"14,733.22",,,,,
15-11-2016,"14,756.10",,,,,
14-11-2016,"14,598.45",,,,,
11-11-2016,"14,555.41",,,,,
10-11-2016,"14,744.25",,,,,
09-11-2016,"14,759.91",,,,,
08-11-2016,"14,656.84",,,,,
07-11-2016,"14,652.45",,,,,
04-11-2016,"14,509.25",,,,,
03-11-2016,"14,583.42",,,,,
02-11-2016,"14,594.72",,,,,
01-11-2016,"14,778.32",,,,,
31-10-2016,"14,787.27",,,,,
28-10-2016,"14,785.29",,,,,
27-10-2016,"14,833.75",,,,,
26-10-2016,"14,807.56",,,,,
25-10-2016,"14,870.63",,,,,
24-10-2016,"14,923.01",,,,,
21-10-2016,"14,939.04",,,,,
20-10-2016,"14,847.92",,,,,
19-10-2016,"14,840.49",,,,,
18-10-2016,"14,752.25",,,,,
17-10-2016,"14,596.52",,,,,
14-10-2016,"14,584.99",,,,,
13-10-2016,"14,643.71",,,,,
12-10-2016,"14,618.97",,,,,
11-10-2016,"14,549.60",,,,,
07-10-2016,"14,566.26",,,,,
06-10-2016,"14,595.50",,,,,
05-10-2016,"14,610.58",,,,,
04-10-2016,"14,521.01",,,,,
03-10-2016,"14,689.04",,,,,
30-09-2016,"14,725.86",,,,,
29-09-2016,"14,754.55",,,,,
28-09-2016,"14,731.43",,,,,
27-09-2016,"14,558.04",,,,,
26-09-2016,"14,619.46",,,,,
23-09-2016,"14,697.93",,,,,
22-09-2016,"14,797.18",,,,,
21-09-2016,"14,710.82",,,,,
20-09-2016,"14,521.98",,,,,
19-09-2016,"14,496.23",,,,,
16-09-2016,"14,450.69",,,,,
15-09-2016,"14,503.67",,,,,
14-09-2016,"14,366.46",,,,,
13-09-2016,"14,349.10",,,,,
12-09-2016,"14,597.14",,,,,
09-09-2016,"14,540.00",,,,,
08-09-2016,"14,803.26",,,,,
07-09-2016,"14,796.75",,,,,
06-09-2016,"14,813.02",,,,,
02-09-2016,"14,795.70",,,,,
01-09-2016,"14,683.91",,,,,
31-08-2016,"14,597.95",,,,,
30-08-2016,"14,684.85",,,,,
29-08-2016,"14,681.97",,,,,
26-08-2016,"14,639.88",,,,,
25-08-2016,"14,630.72",,,,,
24-08-2016,"14,626.24",,,,,
23-08-2016,"14,764.77",,,,,
22-08-2016,"14,748.19",,,,,
19-08-2016,"14,687.46",,,,,
18-08-2016,"14,695.68",,,,,
17-08-2016,"14,697.60",,,,,
16-08-2016,"14,703.44",,,,,
15-08-2016,"14,777.02",,,,,
12-08-2016,"14,747.45",,,,,
11-08-2016,"14,796.06",,,,,
10-08-2016,"14,775.04",,,,,
09-08-2016,"14,801.23",,,,,
08-08-2016,"14,755.62",,,,,
05-08-2016,"14,648.77",,,,,
04-08-2016,"14,528.78",,,,,
03-08-2016,"14,512.05",,,,,
02-08-2016,"14,477.01",,,,,
29-07-2016,"14,582.74",,,,,
28-07-2016,"14,552.72",,,,,
27-07-2016,"14,546.54",,,,,
26-07-2016,"14,550.00",,,,,
25-07-2016,"14,498.10",,,,,
22-07-2016,"14,600.66",,,,,
21-07-2016,"14,565.83",,,,,
20-07-2016,"14,533.57",,,,,
19-07-2016,"14,524.61",,,,,
18-07-2016,"14,532.40",,,,,
15-07-2016,"14,482.42",,,,,
14-07-2016,"14,514.52",,,,,
13-07-2016,"14,493.80",,,,,
12-07-2016,"14,477.67",,,,,
11-07-2016,"14,361.88",,,,,
08-07-2016,"14,259.84",,,,,
07-07-2016,"14,134.46",,,,,
06-07-2016,"14,231.06",,,,,
05-07-2016,"14,219.57",,,,,
04-07-2016,"14,258.87",,,,,
30-06-2016,"14,064.54",,,,,
29-06-2016,"14,036.74",,,,,
28-06-2016,"13,842.69",,,,,
27-06-2016,"13,689.79",,,,,
24-06-2016,"13,891.88",,,,,
23-06-2016,"14,131.38",,,,,
22-06-2016,"14,003.81",,,,,
21-06-2016,"14,012.32",,,,,
20-06-2016,"14,015.14",,,,,
17-06-2016,"13,901.77",,,,,
16-06-2016,"13,882.41",,,,,
15-06-2016,"13,923.45",,,,,
14-06-2016,"13,884.23",,,,,
13-06-2016,"13,993.88",,,,,
10-06-2016,"14,037.54",,,,,
09-06-2016,"14,240.02",,,,,
08-06-2016,"14,313.10",,,,,
07-06-2016,"14,365.61",,,,,
06-06-2016,"14,276.16",,,,,
03-06-2016,"14,226.78",,,,,
02-06-2016,"14,136.99",,,,,
01-06-2016,"14,063.54",,,,,
31-05-2016,"14,065.78",,,,,
30-05-2016,"14,086.67",,,,,
27-05-2016,"14,105.23",,,,,
26-05-2016,"14,049.20",,,,,
25-05-2016,"14,053.74",,,,,
24-05-2016,"13,952.85",,,,,
20-05-2016,"13,919.58",,,,,
19-05-2016,"13,817.32",,,,,
18-05-2016,"13,826.01",,,,,
17-05-2016,"13,917.10",,,,,
16-05-2016,"13,893.49",,,,,
13-05-2016,"13,748.58",,,,,
12-05-2016,"13,787.80",,,,,
11-05-2016,"13,788.21",,,,,
10-05-2016,"13,775.19",,,,,
09-05-2016,"13,563.84",,,,,
06-05-2016,"13,701.47",,,,,
05-05-2016,"13,632.01",,,,,
04-05-2016,"13,632.00",,,,,
03-05-2016,"13,707.68",,,,,
02-05-2016,"13,865.63",,,,,
29-04-2016,"13,951.45",,,,,
28-04-2016,"13,886.43",,,,,
27-04-2016,"13,887.66",,,,,
26-04-2016,"13,809.44",,,,,
25-04-2016,"13,795.99",,,,,
22-04-2016,"13,874.00",,,,,
21-04-2016,"13,881.20",,,,,
20-04-2016,"13,911.29",,,,,
19-04-2016,"13,867.28",,,,,
18-04-2016,"13,719.82",,,,,
15-04-2016,"13,637.20",,,,,
14-04-2016,"13,668.29",,,,,
13-04-2016,"13,671.35",,,,,
12-04-2016,"13,581.42",,,,,
11-04-2016,"13,422.76",,,,,
08-04-2016,"13,396.73",,,,,
07-04-2016,"13,266.44",,,,,
06-04-2016,"13,347.46",,,,,
05-04-2016,"13,304.66",,,,,
04-04-2016,"13,336.15",,,,,
01-04-2016,"13,440.44",,,,,
31-03-2016,"13,494.36",,,,,
30-03-2016,"13,503.98",,,,,
29-03-2016,"13,426.23",,,,,
28-03-2016,"13,390.19",,,,,
24-03-2016,"13,358.11",,,,,
23-03-2016,"13,379.48",,,,,
22-03-2016,"13,493.49",,,,,
21-03-2016,"13,561.09",,,,,
18-03-2016,"13,497.07",,,,,
17-03-2016,"13,621.30",,,,,
16-03-2016,"13,478.13",,,,,
15-03-2016,"13,400.31",,,,,
14-03-2016,"13,477.54",,,,,
11-03-2016,"13,522.00",,,,,
10-03-2016,"13,379.14",,,,,
09-03-2016,"13,392.90",,,,,
08-03-2016,"13,311.05",,,,,
07-03-2016,"13,383.60",,,,,
04-03-2016,"13,212.50",,,,,
03-03-2016,"13,123.65",,,,,
02-03-2016,"13,017.93",,,,,
01-03-2016,"12,982.10",,,,,
29-02-2016,"12,860.35",,,,,
26-02-2016,"12,797.79",,,,,
25-02-2016,"12,753.60",,,,,
24-02-2016,"12,740.27",,,,,
23-02-2016,"12,763.44",,,,,
22-02-2016,"12,845.63",,,,,
19-02-2016,"12,813.40",,,,,
18-02-2016,"12,931.36",,,,,
17-02-2016,"12,867.16",,,,,
16-02-2016,"12,554.98",,,,,
12-02-2016,"12,381.24",,,,,
11-02-2016,"12,087.37",,,,,
10-02-2016,"12,185.72",,,,,
09-02-2016,"12,282.65",,,,,
08-02-2016,"12,535.40",,,,,
05-02-2016,"12,763.99",,,,,
04-02-2016,"12,774.50",,,,,
03-02-2016,"12,593.02",,,,,
02-02-2016,"12,442.26",,,,,
01-02-2016,"12,674.37",,,,,
29-01-2016,"12,822.13",,,,,
28-01-2016,"12,591.93",,,,,
27-01-2016,"12,377.77",,,,,
26-01-2016,"12,331.32",,,,,
25-01-2016,"12,143.16",,,,,
22-01-2016,"12,389.58",,,,,
21-01-2016,"12,035.86",,,,,
20-01-2016,"11,843.11",,,,,
19-01-2016,"12,002.24",,,,,
18-01-2016,"11,942.17",,,,,
15-01-2016,"12,073.46",,,,,
14-01-2016,"12,336.03",,,,,
13-01-2016,"12,170.41",,,,,
12-01-2016,"12,373.90",,,,,
11-01-2016,"12,319.25",,,,,
08-01-2016,"12,445.45",,,,,
07-01-2016,"12,448.21",,,,,
06-01-2016,"12,726.80",,,,,
05-01-2016,"12,920.14",,,,,
04-01-2016,"12,927.15",,,,,
31-12-2015,"13,009.95",,,,,
30-12-2015,"13,142.29",,,,,
29-12-2015,"13,245.75",,,,,
24-12-2015,"13,309.80",,,,,
23-12-2015,"13,284.91",,,,,
22-12-2015,"13,082.86",,,,,
21-12-2015,"13,034.38",,,,,
18-12-2015,"13,024.30",,,,,
17-12-2015,"13,009.93",,,,,
16-12-2015,"13,166.08",,,,,
15-12-2015,"12,919.57",,,,,
14-12-2015,"12,695.49",,,,,
11-12-2015,"12,789.95",,,,,
10-12-2015,"13,016.59",,,,,
09-12-2015,"12,937.59",,,,,
08-12-2015,"12,922.47",,,,,
07-12-2015,"13,042.83",,,,,
04-12-2015,"13,358.77",,,,,
03-12-2015,"13,324.67",,,,,
02-12-2015,"13,463.82",,,,,
01-12-2015,"13,636.06",,,,,
30-11-2015,"13,469.83",,,,,
27-11-2015,"13,368.24",,,,,
26-11-2015,"13,425.19",,,,,
25-11-2015,"13,403.42",,,,,
24-11-2015,"13,407.83",,,,,
23-11-2015,"13,382.38",,,,,
20-11-2015,"13,433.49",,,,,
19-11-2015,"13,473.83",,,,,
18-11-2015,"13,399.97",,,,,
17-11-2015,"13,280.39",,,,,
16-11-2015,"13,317.52",,,,,
13-11-2015,"13,075.42",,,,,
12-11-2015,"13,127.18",,,,,
11-11-2015,"13,341.93",,,,,
10-11-2015,"13,411.63",,,,,
09-11-2015,"13,482.62",,,,,
06-11-2015,"13,553.30",,,,,
05-11-2015,"13,558.78",,,,,
04-11-2015,"13,661.82",,,,,
03-11-2015,"13,710.31",,,,,
02-11-2015,"13,623.01",,,,,
30-10-2015,"13,529.17",,,,,
29-10-2015,"13,791.88",,,,,
28-10-2015,"13,863.16",,,,,
27-10-2015,"13,699.60",,,,,
26-10-2015,"13,790.90",,,,,
23-10-2015,"13,953.66",,,,,
22-10-2015,"13,878.11",,,,,
21-10-2015,"13,704.19",,,,,
20-10-2015,"13,841.92",,,,,
19-10-2015,"13,758.38",,,,,
16-10-2015,"13,838.10",,,,,
15-10-2015,"13,828.97",,,,,
14-10-2015,"13,875.33",,,,,
13-10-2015,"13,844.73",,,,,
09-10-2015,"13,964.36",,,,,
08-10-2015,"13,978.66",,,,,
07-10-2015,"13,868.35",,,,,
06-10-2015,"13,647.26",,,,,
05-10-2015,"13,552.20",,,,,
02-10-2015,"13,339.74",,,,,
01-10-2015,"13,241.89",,,,,
30-09-2015,"13,306.96",,,,,
29-09-2015,"13,036.96",,,,,
28-09-2015,"13,004.58",,,,,
25-09-2015,"13,378.57",,,,,
24-09-2015,"13,338.67",,,,,
23-09-2015,"13,383.69",,,,,
22-09-2015,"13,491.09",,,,,
21-09-2015,"13,779.44",,,,,
18-09-2015,"13,646.90",,,,,
17-09-2015,"13,787.16",,,,,
16-09-2015,"13,763.78",,,,,
15-09-2015,"13,462.71",,,,,
14-09-2015,"13,353.34",,,,,
11-09-2015,"13,461.47",,,,,
10-09-2015,"13,569.89",,,,,
09-09-2015,"13,531.85",,,,,
08-09-2015,"13,630.67",,,,,
04-09-2015,"13,478.31",,,,,
03-09-2015,"13,596.41",,,,,
02-09-2015,"13,545.25",,,,,
01-09-2015,"13,481.90",,,,,
31-08-2015,"13,859.12",,,,,
28-08-2015,"13,865.07",,,,,
27-08-2015,"13,766.67",,,,,
26-08-2015,"13,381.59",,,,,
25-08-2015,"13,150.93",,,,,
24-08-2015,"13,052.74",,,,,
21-08-2015,"13,473.67",,,,,
20-08-2015,"13,737.00",,,,,
19-08-2015,"14,036.63",,,,,
18-08-2015,"14,193.87",,,,,
17-08-2015,"14,251.53",,,,,
14-08-2015,"14,277.88",,,,,
13-08-2015,"14,238.40",,,,,
12-08-2015,"14,339.53",,,,,
11-08-2015,"14,414.67",,,,,
10-08-2015,"14,466.39",,,,,
07-08-2015,"14,302.70",,,,,
06-08-2015,"14,405.91",,,,,
05-08-2015,"14,502.99",,,,,
04-08-2015,"14,491.05",,,,,
31-07-2015,"14,468.44",,,,,
30-07-2015,"14,382.78",,,,,
29-07-2015,"14,301.80",,,,,
28-07-2015,"14,077.36",,,,,
27-07-2015,"14,001.37",,,,,
24-07-2015,"14,186.24",,,,,
23-07-2015,"14,265.37",,,,,
22-07-2015,"14,307.12",,,,,
21-07-2015,"14,376.24",,,,,
20-07-2015,"14,425.55",,,,,
17-07-2015,"14,642.84",,,,,
16-07-2015,"14,731.08",,,,,
15-07-2015,"14,662.28",,,,,
14-07-2015,"14,599.40",,,,,
13-07-2015,"14,533.22",,,,,
10-07-2015,"14,411.07",,,,,
09-07-2015,"14,278.49",,,,,
08-07-2015,"14,412.07",,,,,
07-07-2015,"14,624.50",,,,,
06-07-2015,"14,593.57",,,,,
03-07-2015,"14,682.39",,,,,
02-07-2015,"14,637.99",,,,,
30-06-2015,"14,553.33",,,,,
29-06-2015,"14,490.15",,,,,
26-06-2015,"14,808.09",,,,,
25-06-2015,"14,897.50",,,,,
24-06-2015,"14,947.51",,,,,
23-06-2015,"14,904.91",,,,,
22-06-2015,"14,790.48",,,,,
19-06-2015,"14,653.12",,,,,
18-06-2015,"14,770.64",,,,,
17-06-2015,"14,732.98",,,,,
16-06-2015,"14,753.05",,,,,
15-06-2015,"14,756.05",,,,,
12-06-2015,"14,741.15",,,,,
11-06-2015,"14,830.88",,,,,
10-06-2015,"14,889.04",,,,,
09-06-2015,"14,817.71",,,,,
08-06-2015,"14,743.33",,,,,
05-06-2015,"14,957.16",,,,,
04-06-2015,"15,019.39",,,,,
03-06-2015,"15,154.68",,,,,
02-06-2015,"15,104.74",,,,,
01-06-2015,"15,074.13",,,,,
29-05-2015,"15,014.09",,,,,
28-05-2015,"15,107.00",,,,,
27-05-2015,"15,110.47",,,,,
26-05-2015,"15,050.81",,,,,
25-05-2015,"15,187.40",,,,,
22-05-2015,"15,200.76",,,,,
21-05-2015,"15,203.61",,,,,
20-05-2015,"15,072.83",,,,,
19-05-2015,"15,121.02",,,,,
15-05-2015,"15,108.12",,,,,
14-05-2015,"15,028.12",,,,,
13-05-2015,"14,980.72",,,,,
12-05-2015,"15,043.15",,,,,
11-05-2015,"15,152.64",,,,,
08-05-2015,"15,170.02",,,,,
07-05-2015,"15,088.82",,,,,
06-05-2015,"15,023.89",,,,,
05-05-2015,"15,173.94",,,,,
04-05-2015,"15,367.47",,,,,
01-05-2015,"15,339.77",,,,,
30-04-2015,"15,224.52",,,,,
29-04-2015,"15,347.34",,,,,
28-04-2015,"15,346.07",,,,,
27-04-2015,"15,344.08",,,,,
24-04-2015,"15,408.33",,,,,
23-04-2015,"15,392.35",,,,,
22-04-2015,"15,304.77",,,,,
21-04-2015,"15,346.44",,,,,
20-04-2015,"15,412.60",,,,,
17-04-2015,"15,360.55",,,,,
16-04-2015,"15,386.77",,,,,
15-04-2015,"15,450.87",,,,,
14-04-2015,"15,389.28",,,,,
13-04-2015,"15,383.59",,,,,
10-04-2015,"15,388.43",,,,,
09-04-2015,"15,326.31",,,,,
08-04-2015,"15,213.60",,,,,
07-04-2015,"15,188.84",,,,,
06-04-2015,"15,100.65",,,,,
02-04-2015,"15,026.62",,,,,
01-04-2015,"14,942.55",,,,,
31-03-2015,"14,902.44",,,,,
30-03-2015,"14,908.39",,,,,
27-03-2015,"14,812.42",,,,,
26-03-2015,"14,869.80",,,,,
25-03-2015,"14,929.37",,,,,
24-03-2015,"15,081.26",,,,,
23-03-2015,"14,957.21",,,,,
20-03-2015,"14,942.41",,,,,
19-03-2015,"14,873.93",,,,,
18-03-2015,"14,962.24",,,,,
17-03-2015,"14,898.53",,,,,
16-03-2015,"14,862.76",,,,,
13-03-2015,"14,731.50",,,,,
12-03-2015,"14,770.72",,,,,
11-03-2015,"14,739.20",,,,,
10-03-2015,"14,641.76",,,,,
09-03-2015,"14,854.49",,,,,
06-03-2015,"14,952.50",,,,,
05-03-2015,"15,103.11",,,,,
04-03-2015,"15,082.84",,,,,
03-03-2015,"15,133.85",,,,,
02-03-2015,"15,264.05",,,,,
27-02-2015,"15,234.34",,,,,
26-02-2015,"15,241.16",,,,,
25-02-2015,"15,228.57",,,,,
24-02-2015,"15,164.97",,,,,
23-02-2015,"15,200.26",,,,,
20-02-2015,"15,172.24",,,,,
19-02-2015,"15,180.33",,,,,
18-02-2015,"15,212.75",,,,,
17-02-2015,"15,284.61",,,,,
13-02-2015,"15,264.81",,,,,
12-02-2015,"15,228.52",,,,,
11-02-2015,"15,151.50",,,,,
10-02-2015,"15,112.52",,,,,
09-02-2015,"15,100.70",,,,,
06-02-2015,"15,083.92",,,,,
05-02-2015,"15,124.92",,,,,
04-02-2015,"14,995.65",,,,,
03-02-2015,"15,062.88",,,,,
02-02-2015,"14,900.47",,,,,
30-01-2015,"14,673.48",,,,,
29-01-2015,"14,637.28",,,,,
28-01-2015,"14,602.88",,,,,
27-01-2015,"14,833.88",,,,,
26-01-2015,"14,797.83",,,,,
23-01-2015,"14,779.35",,,,,
22-01-2015,"14,763.98",,,,,
21-01-2015,"14,560.42",,,,,
20-01-2015,"14,308.44",,,,,
19-01-2015,"14,312.50",,,,,
16-01-2015,"14,309.41",,,,,
15-01-2015,"14,041.82",,,,,
14-01-2015,"14,084.43",,,,,
13-01-2015,"14,187.16",,,,,
12-01-2015,"14,265.01",,,,,
09-01-2015,"14,384.92",,,,,
08-01-2015,"14,457.72",,,,,
07-01-2015,"14,285.00",,,,,
06-01-2015,"14,246.77",,,,,
05-01-2015,"14,392.70",,,,,
02-01-2015,"14,753.65",,,,,
